"PRODUCT NUMBER MANIFEST",,,"(Unofficial version, 10 August 2006)",,,,,,,,,
,,,,,,,,,,,,
"Product No.","Product Name",,,"Legacy Code",,,,,,,,
10000,,,,"00000000",,,,,,,,
10001,"Main Wire (legacy code)",,,"A0000000",,,,,,,,
10002,"Fixed Income",,,"P=MNBP00",,,,,,,,
10003,"Main Wire Headline Feed",,,"HEADLINE",,,,,,,,
10004,"Foreign Exchange",,,"P=MNFX00",,,,,,,,
10005,"Reuters Product Code",,,"REUTERS0",,,,,,,,
10006,"Main Wire",,,"P=MNS000",,,,,,,,
10007,"Bloomberg Product Code",,,"P=BLOOMB",,,,,,,,
10008,"US Data (legacy code)",,,"USDATA00",,,,,,,,
10009,"Main Wire (Europe)",,,"P=MNSE00",,,,,,,,
10010,"Instant Data",,,"P=IDP000",,,,,,,,
10011,"TRIARCH",,,"2207....",,,,,,,,
10012,"MND",,,"2205....",,,,,,,,
10013,"PC2s",,,"2201....",,,,,,,,
10014,"TRIARCH/MND/PC2",,,"220.....",,,,,,,,
10015,"Web site (Defunct)",,,"WEB00000",,,,,,,,
10016,"Beckner Report",,,"P=MNBECK",,,,,,,,
,,,,,,,,,,,,
,,,,,,,,,,,,
,,,,,,,,,,,,
,,,,,,,,,,,,
20000,"Fixed Income Bullet Points",,,"F=BULLET",,"<topic human=""Fixed Income Bullet Points"" code=""F=BULLET"" num=""20000"" />",,,,,,
20001,"Foreign Exchange Bullet Points",,,"F=BULLEF",,"<topic human=""Foreign Exchange Bullet Points"" code=""F=BULLEF"" num=""20001"" />",,,,,,
20002,"US Credit Pipeline",,,"F=BULWC1",,"<topic human=""US Credit Pipeline"" code=""F=BULWC1"" num=""20002"" />",,,,,,
20003,,,,"F=FXDOLU",,"<topic human="""" code=""F=FXDOLU"" num=""20003"" />",,,,,,
20004,,,,"F=USTSYU",,"<topic human="""" code=""F=USTSYU"" num=""20004"" />",,,,,,
20005,"Key FX Levels",,,"F=FXPAIR",,"<topic human=""Key FX Levels"" code=""F=FXPAIR"" num=""20005"" />",,,,,,
20006,"FI Market Glance",,,"F=BULMKT",,"<topic human=""FI Market Glance"" code=""F=BULMKT"" num=""20006"" />",,,,,,
20007,,,,"F=SEREP1",,"<topic human="""" code=""F=SEREP1"" num=""20007"" />",,,,,,
20008,"World News Roundup",,,"F=EUMORN",,"<topic human=""World News Roundup"" code=""F=EUMORN"" num=""20008"" />",,,,,,
20009,"US Treasury Options Volatilities",,,"F=BULWC4",,"<topic human=""US Treasury Options Volatilities"" code=""F=BULWC4"" num=""20009"" />",,,,,,
20010,,,,"F=SEREPM",,"<topic human="""" code=""F=SEREPM"" num=""20010"" />",,,,,,
20011,"Europe Bond Technicals",,,"F=EUTECH",,"<topic human=""Europe Bond Technicals"" code=""F=EUTECH"" num=""20011"" />",,,,,,
20012,"US Agency Spreads",,,"F=BULIDE",,"<topic human=""US Agency Spreads"" code=""F=BULIDE"" num=""20012"" />",,,,,,
20013,"Global Calendar",,,"F=GBLCAL",,"<topic human=""Global Calendar"" code=""F=GBLCAL"" num=""20013"" />",,,,,,
20014,,,,"F=CALGBL",,"<topic human="""" code=""F=CALGBL"" num=""20014"" />",,,,,,
20015,"US Markets Calendar",,,"F=BULDEX",,"<topic human=""US Markets Calendar"" code=""F=BULDEX"" num=""20015"" />",,,,,,
20016,"Credit Market Focus",,,"F=BULF10",,"<topic human=""Credit Market Focus"" code=""F=BULF10"" num=""20016"" />",,,,,,
20017,,,,"F=USXCAL",,"<topic human="""" code=""F=USXCAL"" num=""20017"" />",,,,,,
20018,,,,"F=USICAL",,"<topic human="""" code=""F=USICAL"" num=""20018"" />",,,,,,
20019,"US Events Calendar",,,"F=USACAL",,"<topic human=""US Events Calendar"" code=""F=USACAL"" num=""20019"" />",,,,,,
20020,"Mergers and Acquisitions",,,"F=MERGER",,"<topic human=""Mergers and Acquisitions"" code=""F=MERGER"" num=""20020"" />",,,,,,
20021,,,,"F=USBCAL",,"<topic human="""" code=""F=USBCAL"" num=""20021"" />",,,,,,
20022,"US Bond Technicals",,,"F=BULTEC",,"<topic human=""US Bond Technicals"" code=""F=BULTEC"" num=""20022"" />",,,,,,
20023,"US Treasury/Agency Auction Calendar",,,"F=TSYCAL",,"<topic human=""US Treasury/Agency Auction Calendar"" code=""F=TSYCAL"" num=""20023"" />",,,,,,
20024,,,,"F=TSXCAL",,"<topic human="""" code=""F=TSXCAL"" num=""20024"" />",,,,,,
20025,,,,"F=TSICAL",,"<topic human="""" code=""F=TSICAL"" num=""20025"" />",,,,,,
20026,,,,"F=PREREL",,"<topic human="""" code=""F=PREREL"" num=""20026"" />",,,,,,
20027,"US Key Indicators Summary",,,"F=6MRUSD",,"<topic human=""US Key Indicators Summary"" code=""F=6MRUSD"" num=""20027"" />",,,,,,
20028,,,,"F=FXEURU",,"<topic human="""" code=""F=FXEURU"" num=""20028"" />",,,,,,
20029,,,,"F=USXCOR",,"<topic human="""" code=""F=USXCOR"" num=""20029"" />",,,,,,
20030,,,,"F=USICOR",,"<topic human="""" code=""F=USICOR"" num=""20030"" />",,,,,,
20031,"US Data Calendar",,,"F=USECOR",,"<topic human=""US Data Calendar"" code=""F=USECOR"" num=""20031"" />",,,,,,
20032,,,,"F=EXECAL",,"<topic human="""" code=""F=EXECAL"" num=""20032"" />",,,,,,
20033,,,,"F=EUICAL",,"<topic human="""" code=""F=EUICAL"" num=""20033"" />",,,,,,
20034,"Europe Calendar",,,"F=EUECAL",,"<topic human=""Europe Calendar"" code=""F=EUECAL"" num=""20034"" />",,,,,,
20035,,,,"F=EMUBON",,"<topic human="""" code=""F=EMUBON"" num=""20035"" />",,,,,,
20036,"Talk from the Trenches",,,"F=TRENCH",,"<topic human=""Talk from the Trenches"" code=""F=TRENCH"" num=""20036"" />",,,,,,
20037,,,,"F=UKXCAL",,"<topic human="""" code=""F=UKXCAL"" num=""20037"" />",,,,,,
20038,,,,"F=UKICAL",,"<topic human="""" code=""F=UKICAL"" num=""20038"" />",,,,,,
20039,"UK Data Calendar",,,"F=UKECAL",,"<topic human=""UK Data Calendar"" code=""F=UKECAL"" num=""20039"" />",,,,,,
20040,,,,"F=EFXRHI",,"<topic human="""" code=""F=EFXRHI"" num=""20040"" />",,,,,,
20041,"US Forecast Highlights",,,"F=EFORHI",,"<topic human=""US Forecast Highlights"" code=""F=EFORHI"" num=""20041"" />",,,,,,
20042,"US Forecast Survey",,,"F=EFORC1",,"<topic human=""US Forecast Survey"" code=""F=EFORC1"" num=""20042"" />",,,,,,
20043,,,,"F=EFIRHI",,"<topic human="""" code=""F=EFIRHI"" num=""20043"" />",,,,,,
20044,,,,"F=GBICAL",,"<topic human="""" code=""F=GBICAL"" num=""20044"" />",,,,,,
20045,,,,"F=GEXCAL",,"<topic human="""" code=""F=GEXCAL"" num=""20045"" />",,,,,,
20046,"Germany Data Calendar",,,"F=GERCAL",,"<topic human=""Germany Data Calendar"" code=""F=GERCAL"" num=""20046"" />",,,,,,
20047,,,,"F=GEICAL",,"<topic human="""" code=""F=GEICAL"" num=""20047"" />",,,,,,
20048,,,,"F=DERINS",,"<topic human="""" code=""F=DERINS"" num=""20048"" />",,,,,,
20049,,,,"F=EFORC2",,"<topic human="""" code=""F=EFORC2"" num=""20049"" />",,,,,,
20050,"?? Corp. Bond Chat?",,,"F=AWATCH",,"<topic human=""?? Corp. Bond Chat?"" code=""F=AWATCH"" num=""20050"" />",,,,,,
20051,,,,"F=FXVIEY",,"<topic human="""" code=""F=FXVIEY"" num=""20051"" />",,,,,,
20052,,,,"F=FXVIEX",,"<topic human="""" code=""F=FXVIEX"" num=""20052"" />",,,,,,
20053,,,,"F=FXVIEW",,"<topic human="""" code=""F=FXVIEW"" num=""20053"" />",,,,,,
20054,,,,"F=CAXCAL",,"<topic human="""" code=""F=CAXCAL"" num=""20054"" />",,,,,,
20055,"Canada Data Calendar",,,"F=CANCAL",,"<topic human=""Canada Data Calendar"" code=""F=CANCAL"" num=""20055"" />",,,,,,
20056,,,,"F=CAICAL",,"<topic human="""" code=""F=CAICAL"" num=""20056"" />",,,,,,
20057,"UK Key Indicators Summary",,,"F=UKCNDT",,"<topic human=""UK Key Indicators Summary"" code=""F=UKCNDT"" num=""20057"" />",,,,,,
20058,,,,"F=ECOREV",,"<topic human="""" code=""F=ECOREV"" num=""20058"" />",,,,,,
20059,"FI Data Review",,,"F=BULWC2",,"<topic human=""FI Data Review"" code=""F=BULWC2"" num=""20059"" />",,,,,,
20060,"US Repo Market Rates",,,"F=USTORR",,"<topic human=""US Repo Market Rates"" code=""F=USTORR"" num=""20060"" />",,,,,,
20061,"Weekly Roundup",,,"F=WKRUSD",,"<topic human=""Weekly Roundup"" code=""F=WKRUSD"" num=""20061"" />",,,,,,
20062,,,,"F=EUIFHI",,"<topic human="""" code=""F=EUIFHI"" num=""20062"" />",,,,,,
20063,,,,"F=EAWTCH",,"<topic human="""" code=""F=EAWTCH"" num=""20063"" />",,,,,,
20064,,,,"F=ECBPLY",,"<topic human="""" code=""F=ECBPLY"" num=""20064"" />",,,,,,
20065,,,,"F=ITXCAL",,"<topic human="""" code=""F=ITXCAL"" num=""20065"" />",,,,,,
20066,,,,"F=ITICAL",,"<topic human="""" code=""F=ITICAL"" num=""20066"" />",,,,,,
20067,"Italy Data Calendar",,,"F=ITACAL",,"<topic human=""Italy Data Calendar"" code=""F=ITACAL"" num=""20067"" />",,,,,,
20068,"Reality Check",,,"F=MNREAL",,"<topic human=""Reality Check"" code=""F=MNREAL"" num=""20068"" />",,,,,,
20069,,,,"F=EXSCAL",,"<topic human="""" code=""F=EXSCAL"" num=""20069"" />",,,,,,
20070,,,,"F=EUXCAL",,"<topic human="""" code=""F=EUXCAL"" num=""20070"" />",,,,,,
20071,"Euro Economic Calendar",,,"F=EUSCAL",,"<topic human=""Euro Economic Calendar"" code=""F=EUSCAL"" num=""20071"" />",,,,,,
20072,"FX Expectations Survey",,,"F=EUWFEX",,"<topic human=""FX Expectations Survey"" code=""F=EUWFEX"" num=""20072"" />",,,,,,
20073,,,,"F=EUFXEX",,"<topic human="""" code=""F=EUFXEX"" num=""20073"" />",,,,,,
20074,,,,"F=FRXCAL",,"<topic human="""" code=""F=FRXCAL"" num=""20074"" />",,,,,,
20075,,,,"F=FRICAL",,"<topic human="""" code=""F=FRICAL"" num=""20075"" />",,,,,,
20076,"France Data Calendar",,,"F=FRACAL",,"<topic human=""France Data Calendar"" code=""F=FRACAL"" num=""20076"" />",,,,,,
20077,,,,"F=EFORC3",,"<topic human="""" code=""F=EFORC3"" num=""20077"" />",,,,,,
20078,,,,"F=GEXSHI",,"<topic human="""" code=""F=GEXSHI"" num=""20078"" />",,,,,,
20079,"Germany Forecast Highlights",,,"F=GERSHI",,"<topic human=""Germany Forecast Highlights"" code=""F=GERSHI"" num=""20079"" />",,,,,,
20080,"Germany Forecast Survey",,,"F=GERSF1",,"<topic human=""Germany Forecast Survey"" code=""F=GERSF1"" num=""20080"" />",,,,,,
20081,,,,"F=GEISHI",,"<topic human="""" code=""F=GEISHI"" num=""20081"" />",,,,,,
20082,,,,"F=FRXSHI",,"<topic human="""" code=""F=FRXSHI"" num=""20082"" />",,,,,,
20083,,,,"F=FRISHI",,"<topic human="""" code=""F=FRISHI"" num=""20083"" />",,,,,,
20084,"France Forecast Highlights",,,"F=FRASHI",,"<topic human=""France Forecast Highlights"" code=""F=FRASHI"" num=""20084"" />",,,,,,
20085,,,,"F=BUNCOM",,"<topic human="""" code=""F=BUNCOM"" num=""20085"" />",,,,,,
20086,"Italy Forecast Survey",,,"F=ITALSU",,"<topic human=""Italy Forecast Survey"" code=""F=ITALSU"" num=""20086"" />",,,,,,
20087,"Italy Key Indicators Summary",,,"F=ITACDT",,"<topic human=""Italy Key Indicators Summary"" code=""F=ITACDT"" num=""20087"" />",,,,,,
20088,"France Forecast Survey",,,"F=FRASF1",,"<topic human=""France Forecast Survey"" code=""F=FRASF1"" num=""20088"" />",,,,,,
20089,"ECB State of Play",,,"F=BUNPLY",,"<topic human=""ECB State of Play"" code=""F=BUNPLY"" num=""20089"" />",,,,,,
20090,,,,"F=BUIPLY",,"<topic human="""" code=""F=BUIPLY"" num=""20090"" />",,,,,,
20091,"Italy Forecast Highlights",,,"F=ITALHI",,"<topic human=""Italy Forecast Highlights"" code=""F=ITALHI"" num=""20091"" />",,,,,,
20092,"Central Bank Actions",,,"F=CENCTA",,"<topic human=""Central Bank Actions"" code=""F=CENCTA"" num=""20092"" />",,,,,,
20093,"Central Bank Actions",,,"F=CENCAT",,"<topic human=""Central Bank Actions"" code=""F=CENCAT"" num=""20093"" />",,,,,,
20094,"Central Bank Actions",,,"F=CENACT",,"<topic human=""Central Bank Actions"" code=""F=CENACT"" num=""20094"" />",,,,,,"**"
20095,"France Key Indicators Summary",,,"F=FRACDT",,"<topic human=""France Key Indicators Summary"" code=""F=FRACDT"" num=""20095"" />",,,,,,
20096,"Germany Key Indicators Summary",,,"F=GERCDT",,"<topic human=""Germany Key Indicators Summary"" code=""F=GERCDT"" num=""20096"" />",,,,,,
20097,"Euro/UK Bond Calendar",,,"F=EZBCAL",,"<topic human=""Euro/UK Bond Calendar"" code=""F=EZBCAL"" num=""20097"" />",,,,,,
20098,"Forecast Survey",,,"F=EUZSFC",,"<topic human=""Forecast Survey"" code=""F=EUZSFC"" num=""20098"" />",,,,,,
20099,"Eurozone/UK Bond Calendar",,,"F=EBNCAL",,"<topic human=""Eurozone/UK Bond Calendar"" code=""F=EBNCAL"" num=""20099"" />",,,,,,
20100,"Japanese Economic Calendar",,,"F=JPXCOR",,"<topic human=""Japanese Economic Calendar"" code=""F=JPXCOR"" num=""20100"" />",,,,,,
20101,,,,"F=JPICOR",,"<topic human="""" code=""F=JPICOR"" num=""20101"" />",,,,,,
20102,,,,"F=JPECOR",,"<topic human="""" code=""F=JPECOR"" num=""20102"" />",,,,,,
20103,"Europe Key Indicators Summary",,,"F=EUDSTA",,"<topic human=""Europe Key Indicators Summary"" code=""F=EUDSTA"" num=""20103"" />",,,,,,
20104,"Europe Forecast Highlights",,,"F=EZSVHI",,"<topic human=""Europe Forecast Highlights"" code=""F=EZSVHI"" num=""20104"" />",,,,,,
20105,,,,"F=ESXFHI",,"<topic human="""" code=""F=ESXFHI"" num=""20105"" />",,,,,,
20106,"Euro Credit Pipeline",,,"F=WASWAT",,"<topic human=""Euro Credit Pipeline"" code=""F=WASWAT"" num=""20106"" />",,,,,,
20107,"Spain Forecast Survey",,,"F=SPASUR",,"<topic human=""Spain Forecast Survey"" code=""F=SPASUR"" num=""20107"" />",,,,,,
20108,"Spain Data Calendar",,,"F=SPACAL",,"<topic human=""Spain Data Calendar"" code=""F=SPACAL"" num=""20108"" />",,,,,,
20109,"Government Bond Focus",,,"F=EUSPRD",,"<topic human=""Government Bond Focus"" code=""F=EUSPRD"" num=""20109"" />",,,,,,
20110,"Spain Forecast Highlights",,,"F=SPAIHI",,"<topic human=""Spain Forecast Highlights"" code=""F=SPAIHI"" num=""20110"" />",,,,,,
20111,,,,"F=EUSPRX",,"<topic human="""" code=""F=EUSPRX"" num=""20111"" />",,,,,,
20112,"BOE State of Play",,,"F=BOEPLY",,"<topic human=""BOE State of Play"" code=""F=BOEPLY"" num=""20112"" />",,,,,,
20113,,,,"F=UUICA0",,"<topic human="""" code=""F=UUICA0"" num=""20113"" />",,,,,,
20114,"Spain Key Indicators Summary",,,"F=SPACDT",,"<topic human=""Spain Key Indicators Summary"" code=""F=SPACDT"" num=""20114"" />",,,,,,
20115,"Corporate Bond Chatter",,,"F=DATWTC",,"<topic human=""Corporate Bond Chatter"" code=""F=DATWTC"" num=""20115"" />",,,,,,
20116,"UK Forecast Survey",,,"F=UKSFC1",,"<topic human=""UK Forecast Survey"" code=""F=UKSFC1"" num=""20116"" />",,,,,,
20117,,,,"F=BULBOE",,"<topic human="""" code=""F=BULBOE"" num=""20117"" />",,,,,,
20118,,,,"F=BOIPLY",,"<topic human="""" code=""F=BOIPLY"" num=""20118"" />",,,,,,
20119,,,,"F=FEXPLY",,"<topic human="""" code=""F=FEXPLY"" num=""20119"" />",,,,,,
20220,"Fed State of Play",,,"F=BULWC3",,"<topic human=""Fed State of Play"" code=""F=BULWC3"" num=""20220"" />",,,,,,
20221,"Latin America Watch",,,"F=LAWTCH",,"<topic human=""Latin America Watch"" code=""F=LAWTCH"" num=""20221"" />",,,,,,
20222,,,,"F=FIVIEX",,"<topic human="""" code=""F=FIVIEX"" num=""20222"" />",,,,,,
20223,"The FXSpot",,,"F=ETRENC",,"<topic human=""The FXSpot"" code=""F=ETRENC"" num=""20223"" />",,,,,,
20224,"Congress Watch",,,"F=CAPWTC",,"<topic human=""Congress Watch"" code=""F=CAPWTC"" num=""20224"" />",,,,,,
20225,,,,"F=UPHIA0",,"<topic human="""" code=""F=UPHIA0"" num=""20225"" />",,,,,,
20226,,,,"F=UNAPA0",,"<topic human="""" code=""F=UNAPA0"" num=""20226"" />",,,,,,
20227,,,,"F=UCHIA0",,"<topic human="""" code=""F=UCHIA0"" num=""20227"" />",,,,,,
20228,,,,"F=UTRDA0",,"<topic human="""" code=""F=UTRDA0"" num=""20228"" />",,,,,,
20229,,,,"F=UWHLA0",,"<topic human="""" code=""F=UWHLA0"" num=""20229"" />",,,,,,
20230,,,,"F=USFHA0",,"<topic human="""" code=""F=USFHA0"" num=""20230"" />",,,,,,
20231,,,,"F=ULEIA0",,"<topic human="""" code=""F=ULEIA0"" num=""20231"" />",,,,,,
20232,,,,"F=UGDPA0",,"<topic human="""" code=""F=UGDPA0"" num=""20232"" />",,,,,,
20233,,,,"F=UEHSA0",,"<topic human="""" code=""F=UEHSA0"" num=""20233"" />",,,,,,
20234,,,,"F=UCPIA0",,"<topic human="""" code=""F=UCPIA0"" num=""20234"" />",,,,,,
20235,,,,"F=UCFDA0",,"<topic human="""" code=""F=UCFDA0"" num=""20235"" />",,,,,,
20236,"Portfolios",,,"F=MNPORT",,"<topic human=""Portfolios"" code=""F=MNPORT"" num=""20236"" />",,,,,,
20237,,,,"F=UTA020",,"<topic human="""" code=""F=UTA020"" num=""20237"" />",,,,,,
20238,,,,"F=UPPIA0",,"<topic human="""" code=""F=UPPIA0"" num=""20238"" />",,,,,,
20239,,,,"F=UPERA0",,"<topic human="""" code=""F=UPERA0"" num=""20239"" />",,,,,,
20240,,,,"F=UKSFC2",,"<topic human="""" code=""F=UKSFC2"" num=""20240"" />",,,,,,
20241,,,,"F=UFACA0",,"<topic human="""" code=""F=UFACA0"" num=""20241"" />",,,,,,
20242,,,,"F=UEMPA0",,"<topic human="""" code=""F=UEMPA0"" num=""20242"" />",,,,,,
20243,,,,"F=UDRGA0",,"<topic human="""" code=""F=UDRGA0"" num=""20243"" />",,,,,,
20244,,,,"F=UCSTA0",,"<topic human="""" code=""F=UCSTA0"" num=""20244"" />",,,,,,
20245,,,,"F=URETA0",,"<topic human="""" code=""F=URETA0"" num=""20245"" />",,,,,,
20246,,,,"F=UKSFC3",,"<topic human="""" code=""F=UKSFC3"" num=""20246"" />",,,,,,
20247,,,,"F=UHSEA0",,"<topic human="""" code=""F=UHSEA0"" num=""20247"" />",,,,,,
20248,,,,"F=FIVIEY",,"<topic human="""" code=""F=FIVIEY"" num=""20248"" />",,,,,,
20249,,,,"F=FIVIEW",,"<topic human="""" code=""F=FIVIEW"" num=""20249"" />",,,,,,
20250,,,,"F=UTA050",,"<topic human="""" code=""F=UTA050"" num=""20250"" />",,,,,,
20251,,,,"F=UPRDA0",,"<topic human="""" code=""F=UPRDA0"" num=""20251"" />",,,,,,
20252,,,,"F=UIPRA0",,"<topic human="""" code=""F=UIPRA0"" num=""20252"" />",,,,,,
20253,,,,"F=UINVA0",,"<topic human="""" code=""F=UINVA0"" num=""20253"" />",,,,,,
20254,,,,"F=MNIEUR",,"<topic human="""" code=""F=MNIEUR"" num=""20254"" />",,,,,,
20255,,,,"F=MNDEUR",,"<topic human="""" code=""F=MNDEUR"" num=""20255"" />",,,,,,
20256,,,,"F=EUTEST",,"<topic human="""" code=""F=EUTEST"" num=""20256"" />",,,,,,
20257,,,,"F=BOECOM",,"<topic human="""" code=""F=BOECOM"" num=""20257"" />",,,,,,
20258,,,,"F=MNDUSA",,"<topic human="""" code=""F=MNDUSA"" num=""20258"" />",,,,,,
20259,,,,"F=UTA100",,"<topic human="""" code=""F=UTA100"" num=""20259"" />",,,,,,
20260,,,,"F=UECIA0",,"<topic human="""" code=""F=UECIA0"" num=""20260"" />",,,,,,
20261,,,,"F=SEPERM",,"<topic human="""" code=""F=SEPERM"" num=""20261"" />",,,,,,
20262,,,,"F=MNMENU",,"<topic human="""" code=""F=MNMENU"" num=""20262"" />",,,,,,
20263,,,,"F=MNIFIB",,"<topic human="""" code=""F=MNIFIB"" num=""20263"" />",,,,,,
20264,,,,"F=MNDFIB",,"<topic human="""" code=""F=MNDFIB"" num=""20264"" />",,,,,,
20265,,,,"F=BULIND",,"<topic human="""" code=""F=BULIND"" num=""20265"" />",,,,,,
20266,,,,"F=XCLUSV",,"<topic human="""" code=""F=XCLUSV"" num=""20266"" />",,,,,,
20267,,,,"F=WILD00",,"<topic human="""" code=""F=WILD00"" num=""20267"" />",,,,,,
20268,"US Interest Rate Swaps",,,"F=USREPO",,"<topic human=""US Interest Rate Swaps"" code=""F=USREPO"" num=""20268"" />",,,,,,
20269,,,,"F=UKXVHI",,"<topic human="""" code=""F=UKXVHI"" num=""20269"" />",,,,,,
20270,"UK Forecast Highlights",,,"F=UKSVHI",,"<topic human=""UK Forecast Highlights"" code=""F=UKSVHI"" num=""20270"" />",,,,,,
20271,,,,"F=UKIVHI",,"<topic human="""" code=""F=UKIVHI"" num=""20271"" />",,,,,,
20272,"???",,,"F=TOPSTY",,"<topic human=""???"" code=""F=TOPSTY"" num=""20272"" />",,,,,,
20273,,,,"F=MNIFXB",,"<topic human="""" code=""F=MNIFXB"" num=""20273"" />",,,,,,
20274,,,,"F=MNDFXB",,"<topic human="""" code=""F=MNDFXB"" num=""20274"" />",,,,,,
20275,,,,"F=MNIEDS",,"<topic human="""" code=""F=MNIEDS"" num=""20275"" />",,,,,,
20276,,,,"F=BULX10",,"<topic human="""" code=""F=BULX10"" num=""20276"" />",,,,,,
20277,,,,"F=USMRSU",,"<topic human="""" code=""F=USMRSU"" num=""20277"" />",,,,,,
20278,,,,"F=EURTST",,"<topic human="""" code=""F=EURTST"" num=""20278"" />",,,,,,
20279,"Credit Default Swaps",,,"F=GILTS0",,"<topic human=""Credit Default Swaps"" code=""F=GILTS0"" num=""20279"" />",,,,,,
20280,,,,"F=EUDSUT",,"<topic human="""" code=""F=EUDSUT"" num=""20280"" />",,,,,,
20281,,,,"F=EUDTDE",,"<topic human="""" code=""F=EUDTDE"" num=""20281"" />",,,,,,
20282,,,,"F=RELCAL",,"<topic human="""" code=""F=RELCAL"" num=""20282"" />",,,,,,
20283,,,,"F=WLDWTC",,"<topic human="""" code=""F=WLDWTC"" num=""20283"" />",,,,,,
20284,,,,"F=BULLEB",,"<topic human="""" code=""F=BULLEB"" num=""20284"" />",,,,,,
,,,,,,,,,,,,
,,,,,,,,,,,,
,,,,,,,,,,,,
,,,,,,,,,,,,
,,,,,,,,,,,,
,,,,,,,,,,,,
,,,,,,,,,,,,
,,,,,,,,,,,,
30001,"ADVISORY",,,"S=X10001",,"<topic human="""" code=""S=X10001"" num=""30001"" />",,,,,,
30002,"ANALYSIS",,,"S=X10002",,"<topic human="""" code=""S=X10002"" num=""30002"" />",,,,,,
30003,"ASIA PRESS",,,"S=X10003",,"<topic human="""" code=""S=X10003"" num=""30003"" />",,,,,,
30004,"AUSSIE",,,"S=XAUGEN",,"<topic human="""" code=""S=XAUGEN"" num=""30004"" />",,,,,,
30005,"BANK OF ENGLAND",,,"S=X10005",,"<topic human="""" code=""S=X10005"" num=""30005"" />",,,,,,
30006,"BELGIUM",,,"S=X10006",,"<topic human="""" code=""S=X10006"" num=""30006"" />",,,,,,
30007,"BOBL",,,"S=X10007",,"<topic human="""" code=""S=X10007"" num=""30007"" />",,,,,,
30008,"BOE",,,"S=X10008",,"<topic human="""" code=""S=X10008"" num=""30008"" />",,,,,,
30009,"BOP DATA",,,"S=X10009",,"<topic human="""" code=""S=X10009"" num=""30009"" />",,,,,,
30010,"BUNDS",,,"S=X10010",,"<topic human="""" code=""S=X10010"" num=""30010"" />",,,,,,
30011,"CABLE",,,"S=X10011",,"<topic human="""" code=""S=X10011"" num=""30011"" />",,,,,,
30012,"CABLE TECHS",,,"S=X10012",,"<topic human="""" code=""S=X10012"" num=""30012"" />",,,,,,
30013,"CHINA",,,"S=X10013",,"<topic human="""" code=""S=X10013"" num=""30013"" />",,,,,,
30014,"COMMODITIES",,,"S=X10014",,"<topic human="""" code=""S=X10014"" num=""30014"" />",,,,,,
30015,"CORP SUPPLY",,,"S=X10015",,"<topic human="""" code=""S=X10015"" num=""30015"" />",,,,,,
30016,"CORPORATE HEADLINES",,,"S=X10016",,"<topic human="""" code=""S=X10016"" num=""30016"" />",,,,,,
30017,"CORPORATE SUPPLY",,,"S=X10017",,"<topic human="""" code=""S=X10017"" num=""30017"" />",,,,,,
30018,"CREDIT",,,"S=X10018",,"<topic human="""" code=""S=X10018"" num=""30018"" />",,,,,,
30019,"CREDIT SUPPLY",,,"S=X10019",,"<topic human="""" code=""S=X10019"" num=""30019"" />",,,,,,
30020,"CREDITS",,,"S=X10020",,"<topic human="""" code=""S=X10020"" num=""30020"" />",,,,,,
30021,"DATA REACT",,,"S=X10021",,"<topic human="""" code=""S=X10021"" num=""30021"" />",,,,,,
30022,"DENMARK",,,"S=X10022",,"<topic human="""" code=""S=X10022"" num=""30022"" />",,,,,,
30023,"DLR",,,"S=X10023",,"<topic human="""" code=""S=X10023"" num=""30023"" />",,,,,,
30024,"DOLLAR",,,"S=X10024",,"<topic human="""" code=""S=X10024"" num=""30024"" />",,,,,,
30025,"DOLLAR-CANADA",,,"S=X10025",,"<topic human="""" code=""S=X10025"" num=""30025"" />",,,,,,
30026,"DOLLAR-SWISS",,,"S=X10026",,"<topic human="""" code=""S=X10026"" num=""30026"" />",,,,,,
30027,"DOLLAR-SWISS TECHS",,,"S=X10027",,"<topic human="""" code=""S=X10027"" num=""30027"" />",,,,,,
30028,"DOLLAR-YEN",,,"S=XJPUSC",,"<topic human="""" code=""S=XJPUSC"" num=""30028"" />",,,,,,
30029,"DOLLAR-YEN TECHS",,,"S=X10029",,"<topic human="""" code=""S=X10029"" num=""30029"" />",,,,,,
30030,"ECB",,,"S=X10030",,"<topic human="""" code=""S=X10030"" num=""30030"" />",,,,,,
30031,"EMU",,,"S=X10031",,"<topic human="""" code=""S=X10031"" num=""30031"" />",,,,,,
30032,"EMU BONDS",,,"S=X10032",,"<topic human="""" code=""S=X10032"" num=""30032"" />",,,,,,
30033,"EMU DATA",,,"S=X10033",,"<topic human="""" code=""S=X10033"" num=""30033"" />",,,,,,
30034,"EURIBOR",,,"S=X10034",,"<topic human="""" code=""S=X10034"" num=""30034"" />",,,,,,
30035,"EURO",,,"S=X10035",,"<topic human="""" code=""S=X10035"" num=""30035"" />",,,,,,
30036,"EURO-DOLLAR",,,"S=XEUUSD",,"<topic human="""" code=""S=XEUUSD"" num=""30036"" />",,,,,,
30037,"EURO-DOLLAR TECHS",,,"S=XEUUST",,"<topic human="""" code=""S=XEUUST"" num=""30037"" />",,,,,,
30038,"EURO-NOK",,,"S=X10038",,"<topic human="""" code=""S=X10038"" num=""30038"" />",,,,,,
30039,"EURO SUMMARY",,,"S=XEUEUR",,"<topic human="""" code=""S=XEUEUR"" num=""30039"" />",,,,,,
30040,"EUROPE",,,"S=X10040",,"<topic human="""" code=""S=X10040"" num=""30040"" />",,,,,,
30041,"EUROPE DATA PREVIEW",,,"S=X10041",,"<topic human="""" code=""S=X10041"" num=""30041"" />",,,,,,
30042,"EUROPE PREVIEW",,,"S=X10042",,"<topic human="""" code=""S=X10042"" num=""30042"" />",,,,,,
30043,"EUROPE SPEAKERS",,,"S=X10043",,"<topic human="""" code=""S=X10043"" num=""30043"" />",,,,,,
30044,"EUROPEAN COMMENTS",,,"S=X10044",,"<topic human="""" code=""S=X10044"" num=""30044"" />",,,,,,
30045,"EUROPEAN DATA",,,"S=X10045",,"<topic human="""" code=""S=X10045"" num=""30045"" />",,,,,,
30046,"EUROPEAN PRESS",,,"S=X10046",,"<topic human="""" code=""S=X10046"" num=""30046"" />",,,,,,
30047,"EUROPEAN STOCK UPDATE",,,"S=X10047",,"<topic human="""" code=""S=X10047"" num=""30047"" />",,,,,,
30048,"EUROPEAN STOCKS",,,"S=X10048",,"<topic human="""" code=""S=X10048"" num=""30048"" />",,,,,,
30049,"EURO-SEK",,,"S=X10049",,"<topic human="""" code=""S=X10049"" num=""30049"" />",,,,,,
30050,"EURO-STERLING",,,"S=X10050",,"<topic human="""" code=""S=X10050"" num=""30050"" />",,,,,,
30051,"EURO-STERLING TECHS",,,"S=X10051",,"<topic human="""" code=""S=X10051"" num=""30051"" />",,,,,,
30052,"EUROSWISS",,,"S=X10052",,"<topic human="""" code=""S=X10052"" num=""30052"" />",,,,,,
30053,"EURO-SWISS",,,"S=X10053",,"<topic human="""" code=""S=X10053"" num=""30053"" />",,,,,,
30054,"EURO-SWISS TECHS",,,"S=X10054",,"<topic human="""" code=""S=X10054"" num=""30054"" />",,,,,,
30055,"EURO-YEN",,,"S=XEUJPC",,"<topic human="""" code=""S=XEUJPC"" num=""30055"" />",,,,,,
30056,"EURO-YEN TECHS",,,"S=X10056",,"<topic human="""" code=""S=X10056"" num=""30056"" />",,,,,,
30057,"EUROZONE",,,"S=X10057",,"<topic human="""" code=""S=X10057"" num=""30057"" />",,,,,,
30058,"EUROZONE DATA",,,"S=X10058",,"<topic human="""" code=""S=X10058"" num=""30058"" />",,,,,,
30059,"EUROZONE ISSUANCE",,,"S=X10059",,"<topic human="""" code=""S=X10059"" num=""30059"" />",,,,,,
30060,"FED",,,"S=X10060",,"<topic human="""" code=""S=X10060"" num=""30060"" />",,,,,,
30061,"FOMC",,,"S=X10061",,"<topic human="""" code=""S=X10061"" num=""30061"" />",,,,,,
30062,"FRANCE",,,"S=X10062",,"<topic human="""" code=""S=X10062"" num=""30062"" />",,,,,,
30063,"FRANCE DATA",,,"S=X10063",,"<topic human="""" code=""S=X10063"" num=""30063"" />",,,,,,
30064,"FRANCE PRESS",,,"S=X10064",,"<topic human="""" code=""S=X10064"" num=""30064"" />",,,,,,
30065,"GERMAN DATA",,,"S=X10065",,"<topic human="""" code=""S=X10065"" num=""30065"" />",,,,,,
30066,"GERMAN PRESS",,,"S=XGRMED",,"<topic human="""" code=""S=XGRMED"" num=""30066"" />",,,,,,
30067,"GERMANY",,,"S=X10067",,"<topic human="""" code=""S=X10067"" num=""30067"" />",,,,,,
30068,"GILTS",,,"S=X10068",,"<topic human="""" code=""S=X10068"" num=""30068"" />",,,,,,
30069,"GOLD",,,"S=X10069",,"<topic human="""" code=""S=X10069"" num=""30069"" />",,,,,,
30070,"HONG KONG",,,"S=X10070",,"<topic human="""" code=""S=X10070"" num=""30070"" />",,,,,,
30071,"IMM DATA",,,"S=X10071",,"<topic human="""" code=""S=X10071"" num=""30071"" />",,,,,,
30072,"ITALY",,,"S=X10072",,"<topic human="""" code=""S=X10072"" num=""30072"" />",,,,,,
30073,"ITALY DATA",,,"S=X10073",,"<topic human="""" code=""S=X10073"" num=""30073"" />",,,,,,
30074,"ITALY PRESS",,,"S=X10074",,"<topic human="""" code=""S=X10074"" num=""30074"" />",,,,,,
30075,"JAPAN",,,"S=XJPXXX",,"<topic human="""" code=""S=XJPXXX"" num=""30075"" />",,,,,,
30076,"JAPAN COMMENTS",,,"S=X10076",,"<topic human="""" code=""S=X10076"" num=""30076"" />",,,,,,
30077,"JAPAN DATA",,,"S=X10077",,"<topic human="""" code=""S=X10077"" num=""30077"" />",,,,,,
30078,"JAPAN PRESS",,,"S=XJPMED",,"<topic human="""" code=""S=XJPMED"" num=""30078"" />",,,,,,
30079,"JAPAN STOCKS",,,"S=XJPSTO",,"<topic human="""" code=""S=XJPSTO"" num=""30079"" />",,,,,,
30080,"JGBS",,,"S=XJPJGB",,"<topic human="""" code=""S=XJPJGB"" num=""30080"" />",,,,,,
30081,"JGB SUMMARY",,,"S=XJPJGS",,"<topic human="""" code=""S=XJPJGS"" num=""30081"" />",,,,,,
30082,"KIWI",,,"S=XAUGEN",,"<topic human="""" code=""S=XAUGEN"" num=""30082"" />",,,,,,
30083,"KOF",,,"S=X10083",,"<topic human="""" code=""S=X10083"" num=""30083"" />",,,,,,
30084,"LONDON",,,"S=X10084",,"<topic human="""" code=""S=X10084"" num=""30084"" />",,,,,,
30085,"LOOK AHEAD",,,"S=X10085",,"<topic human="""" code=""S=X10085"" num=""30085"" />",,,,,,
30086,"M&A REPORTS",,,"S=X10086",,"<topic human="""" code=""S=X10086"" num=""30086"" />",,,,,,
30087,"MARKET TALK",,,"S=X10087",,"<topic human="""" code=""S=X10087"" num=""30087"" />",,,,,,
30088,"MNI BOBL TECHS",,,"S=X10088",,"<topic human="""" code=""S=X10088"" num=""30088"" />",,,,,,
30089,"MNI BUND TECHS",,,"S=X10089",,"<topic human="""" code=""S=X10089"" num=""30089"" />",,,,,,
30090,"MNI CABLE TECHS",,,"S=X10090",,"<topic human="""" code=""S=X10090"" num=""30090"" />",,,,,,
30091,"MNI DOLLAR-SWISS TECHS",,,"S=X10091",,"<topic human="""" code=""S=X10091"" num=""30091"" />",,,,,,
30092,"MNI DOLLAR-YEN TECHS",,,"S=X10092",,"<topic human="""" code=""S=X10092"" num=""30092"" />",,,,,,
30093,"MNI EURIBOR TECHS",,,"S=X10093",,"<topic human="""" code=""S=X10093"" num=""30093"" />",,,,,,
30094,"MNI EURO-DOLLAR TECHS",,,"S=X10094",,"<topic human="""" code=""S=X10094"" num=""30094"" />",,,,,,
30095,"MNI EURO-STERLING TECHS",,,"S=X10095",,"<topic human="""" code=""S=X10095"" num=""30095"" />",,,,,,
30096,"MNI EURO-SWISS TECHS",,,"S=X10096",,"<topic human="""" code=""S=X10096"" num=""30096"" />",,,,,,
30097,"MNI EURO-YEN TECHS",,,"S=X10097",,"<topic human="""" code=""S=X10097"" num=""30097"" />",,,,,,
30098,"MNI GILT TECHS",,,"S=X10098",,"<topic human="""" code=""S=X10098"" num=""30098"" />",,,,,,
30099,"MNI SCHATZ TECHS",,,"S=X10099",,"<topic human="""" code=""S=X10099"" num=""30099"" />",,,,,,
30100,"MNI SHORT-STERLING TECHS",,,"S=X10100",,"<topic human="""" code=""S=X10100"" num=""30100"" />",,,,,,
30101,"NEW ISSUE",,,"S=X10101",,"<topic human="""" code=""S=X10101"" num=""30101"" />",,,,,,
30102,"NEW YORK",,,"S=X10102",,"<topic human="""" code=""S=X10102"" num=""30102"" />",,,,,,
30103,"NOK",,,"S=X10103",,"<topic human="""" code=""S=X10103"" num=""30103"" />",,,,,,
30104,"NORGES BANK",,,"S=X10104",,"<topic human="""" code=""S=X10104"" num=""30104"" />",,,,,,
30105,"NORWAY",,,"S=X10105",,"<topic human="""" code=""S=X10105"" num=""30105"" />",,,,,,
30106,"OIL",,,"S=X10106",,"<topic human="""" code=""S=X10106"" num=""30106"" />",,,,,,
30107,"PIPELINE",,,"S=X10107",,"<topic human="""" code=""S=X10107"" num=""30107"" />",,,,,,
30108,"PRESS",,,"S=X10108",,"<topic human="""" code=""S=X10108"" num=""30108"" />",,,,,,
30109,"REACT",,,"S=X10109",,"<topic human="""" code=""S=X10109"" num=""30109"" />",,,,,,
30110,"RIKSBANK",,,"S=X10110",,"<topic human="""" code=""S=X10110"" num=""30110"" />",,,,,,
30111,"SCANDIs",,,"S=X10111",,"<topic human="""" code=""S=X10111"" num=""30111"" />",,,,,,
30112,"SCHATZ",,,"S=X10112",,"<topic human="""" code=""S=X10112"" num=""30112"" />",,,,,,
30113,"SEK",,,"S=X10113",,"<topic human="""" code=""S=X10113"" num=""30113"" />",,,,,,
30114,"SHORT-STERLING",,,"S=X10114",,"<topic human="""" code=""S=X10114"" num=""30114"" />",,,,,,
30115,"SNB",,,"S=X10115",,"<topic human="""" code=""S=X10115"" num=""30115"" />",,,,,,
30116,"SPAIN",,,"S=X10116",,"<topic human="""" code=""S=X10116"" num=""30116"" />",,,,,,
30117,"SPAIN DATA",,,"S=X10117",,"<topic human="""" code=""S=X10117"" num=""30117"" />",,,,,,
30118,"STERLING",,,"S=X10118",,"<topic human="""" code=""S=X10118"" num=""30118"" />",,,,,,
30119,"STIR FUTURES",,,"S=X10119",,"<topic human="""" code=""S=X10119"" num=""30119"" />",,,,,,
30120,"STOCKS",,,"S=AXXSTO",,"<topic human="""" code=""S=AXXSTO"" num=""30120"" />",,,,,,
30121,"SWEDEN",,,"S=X10121",,"<topic human="""" code=""S=X10121"" num=""30121"" />",,,,,,
30122,"SWISS",,,"S=X10122",,"<topic human="""" code=""S=X10122"" num=""30122"" />",,,,,,
30123,"SWISS",,,"S=X10123",,"<topic human="""" code=""S=X10123"" num=""30123"" />",,,,,,
30124,"SWITZERLAND",,,"S=X10124",,"<topic human="""" code=""S=X10124"" num=""30124"" />",,,,,,
30125,"TERROR ALERT",,,"S=X10125",,"<topic human="""" code=""S=X10125"" num=""30125"" />",,,,,,
30126,"TSYS",,,"S=BUSTSY",,"<topic human="""" code=""S=BUSTSY"" num=""30126"" />",,,,,,
30127,"TSY'S",,,"S=BUSTSY",,"<topic human="""" code=""S=BUSTSY"" num=""30127"" />",,,,,,
30128,"UK DATA",,,"S=X10128",,"<topic human="""" code=""S=X10128"" num=""30128"" />",,,,,,
30129,"UK",,,"S=XUKXXX",,"<topic human="""" code=""S=XUKXXX"" num=""30129"" />",,,,,,
30130,"UK PRESS",,,"S=XUKMED",,"<topic human="""" code=""S=XUKMED"" num=""30130"" />",,,,,,
30131,"UK PREVIEW",,,"S=X10131",,"<topic human="""" code=""S=X10131"" num=""30131"" />",,,,,,
30132,"US",,,"S=X10132",,"<topic human="""" code=""S=X10132"" num=""30132"" />",,,,,,
30133,"US DATA",,,"S=X10133",,"<topic human="""" code=""S=X10133"" num=""30133"" />",,,,,,
30134,"US DATA PREVIEW",,,"S=X10134",,"<topic human="""" code=""S=X10134"" num=""30134"" />",,,,,,
30135,"US INDEX FUTURES",,,"S=X10135",,"<topic human="""" code=""S=X10135"" num=""30135"" />",,,,,,
30136,"US ISSUANCE",,,"S=X10136",,"<topic human="""" code=""S=X10136"" num=""30136"" />",,,,,,
30137,"US PRESS",,,"S=X10137",,"<topic human="""" code=""S=X10137"" num=""30137"" />",,,,,,
30138,"US PREVIEW",,,"S=X10138",,"<topic human="""" code=""S=X10138"" num=""30138"" />",,,,,,
30139,"US SPEAKERS",,,"S=X10139",,"<topic human="""" code=""S=X10139"" num=""30139"" />",,,,,,
30140,"US STOCKS",,,"S=AUSSTO",,"<topic human="""" code=""S=AUSSTO"" num=""30140"" />",,,,,,
30141,"U.S. STOCKS",,,"S=AUSSTO",,"<topic human="""" code=""S=AUSSTO"" num=""30141"" />",,,,,,
30142,"UST FUTURES",,,"S=X10142",,"<topic human="""" code=""S=X10142"" num=""30142"" />",,,,,,
30143,"USTS",,,"S=X10143",,"<topic human="""" code=""S=X10143"" num=""30143"" />",,,,,,
30144,"YEN SUMMARY",,,"S=XJPYEN",,"<topic human="""" code=""S=XJPYEN"" num=""30144"" />",,,,,,
30145,"WASHINGTON",,,"S=X10145",,"<topic human="""" code=""S=X10145"" num=""30145"" />",,,,,,
30146,"CANADA",,,"S=X10146",,"<topic human="""" code=""S=X10146"" num=""30146"" />",,,,,,
30147,"STERLING SUMMARY",,,"S=X10147",,"<topic human="""" code=""S=X10147"" num=""30147"" />",,,,,,
,,,,,,,,,,,,
,,,,,,,,,,,,
,,,,,,,,,,,,
,,,,,,,,,,,,
,,,,,,,,,,,,
,,,,,,,,,,,,
,,,,,,,,,,,,
,,,,,,,,,,,,
,,,,,,,,,,,,
,,,,,,,,,,,,
,,,,,,,,,,,,
,,,,,,,,,,,,
,,,,,,,,,,,,
"Comment: Prior to 2/09/07, MX$$$$ (Exclusives) mapped to 40022 and M$X$$$$ (Europe News) mapped to 40000.",,,,,,,,,,,,
,,,,,,"<topic human=""US Government News - General"" code=""MGU$$$"" num=""40010"" />",,,,,,
40000,"Exclusives",,"MX$$$$=40000:100","MX$$$$",,"<topic human=""Exclusives"" code=""MX$$$$"" num=""40000"" />",,,,,,
40001,"US News",,"M$U$$$=40001:100","M$U$$$",,"<topic human=""US News"" code=""M$U$$$"" num=""40001"" />",,,,,,
40002,"Top News Stories",,"MT$$$$=40002:100","MT$$$$",,"<topic human=""Top News Stories"" code=""MT$$$$"" num=""40002"" />",,,,,,
40003,"German News",,"M$G$$$=40003:100","M$G$$$",,"<topic human=""German News"" code=""M$G$$$"" num=""40003"" />",,,,,,
40004,"US Data Tables",,"MAUDT$=40004:100","MAUDT$",,"<topic human=""US Data Tables"" code=""MAUDT$"" num=""40004"" />",,,,,,
40005,"International Economy",,"MI$$$$=40005:100","MI$$$$","???","<topic human=""International Economy"" code=""MI$$$$"" num=""40005"" />",,,,,,
40006,"UK News",,"M$B$$$=40006:100","M$B$$$",,"<topic human=""UK News"" code=""M$B$$$"" num=""40006"" />",,,,,,
40007,"Europe Data Stories",,"M$XDS$=40007:100","M$XDS$",,"<topic human=""Europe Data Stories"" code=""M$XDS$"" num=""40007"" />",,,,,,
40008,"Fixed Income General",,"M$$FI$=40008:100","M$$FI$",,"<topic human=""Fixed Income General"" code=""M$$FI$"" num=""40008"" />",,,,,,
40009,"Italian News",,"M$I$$$=40009:100","M$I$$$",,"<topic human=""Italian News"" code=""M$I$$$"" num=""40009"" />",,,,,,
40010,"US Government - General",,"MGU$$$=40010:100","MGU$$$",,"<topic human=""US Government - General"" code=""MGU$$$"" num=""40010"" />",,,,,,
40011,"US Government - Fiscal Policy",,"MFU$$$=40011:100","MFU$$$",,"<topic human=""US Government - Fiscal Policy"" code=""MFU$$$"" num=""40011"" />",,,,,,
40012,"French News",,"M$F$$$=40012:100","M$F$$$",,"<topic human=""French News"" code=""M$F$$$"" num=""40012"" />",,,,,,
40013,"ECB/EMU Central Bank News",,"M$$EC$=40013:100","M$$EC$",,"<topic human=""ECB/EMU Central Bank News"" code=""M$$EC$"" num=""40013"" />",,,,,,
40014,"US Data Stories",,"MAUDS$=40014:100","MAUDS$",,"<topic human=""US Data Stories"" code=""MAUDS$"" num=""40014"" />",,,,,,
40015,"FX General",,"M$$FX$=40015:100","M$$FX$",,"<topic human=""FX General"" code=""M$$FX$"" num=""40015"" />",,,,,,
40016,"Germany Data Tables",,"MAGDT$=40016:100","MAGDT$",,"<topic human=""Germany Data Tables"" code=""MAGDT$"" num=""40016"" />",,,,,,
40017,,,"","M$BDS$",,"<topic human="""" code=""M$BDS$"" num=""40017"" />",,,,,,
40018,"US Data ",,"MAUDA$=40018:100","MAUDA$",,"<topic human=""US Data "" code=""MAUDA$"" num=""40018"" />",,,,,,
40019,"Spanish News",,"M$S$$$=40019:100","M$S$$$",,"<topic human=""Spanish News"" code=""M$S$$$"" num=""40019"" />",,,,,,
40020,"Europe Data Tables",,"MAXDT$=40020:100","MAXDT$",,"<topic human=""Europe Data Tables"" code=""MAXDT$"" num=""40020"" />",,,,,,
40021,"Federal Reserve (General)",,"MMUFE$=40021:100","MMUFE$",,"<topic human=""Federal Reserve (General)"" code=""MMUFE$"" num=""40021"" />",,,,,,
40022,"Europe News","F","M$X$$$=40022:100","M$X$$$",,"<topic human=""Europe News"" code=""M$X$$$"" num=""40022"" />",,,,,,
40023,"Bank of England ",,"M$$BE$=40023:100","M$$BE$","???","<topic human=""Bank of England "" code=""M$$BE$"" num=""40023"" />",,,,,,
40024,"OPEC (?????)",,"MI$OI$=40024:100","MI$OI$",,"<topic human=""OPEC (?????)"" code=""MI$OI$"" num=""40024"" />",,,,,,
40025,"Canada Data",,"MACDA$=40025:100","MACDA$",,"<topic human=""Canada Data"" code=""MACDA$"" num=""40025"" />",,,,,,
40026,"Germany Data Stories",,"MAGDS$=40026:100","MAGDS$",,"<topic human=""Germany Data Stories"" code=""MAGDS$"" num=""40026"" />",,,,,,
40027,"Credit Ratings",,"MR$$$$=40027:100","MR$$$$",,"<topic human=""Credit Ratings"" code=""MR$$$$"" num=""40027"" />",,,,,,
40028,"Asia News Stories",,"M$A$$$=40028:100","M$A$$$","???","<topic human=""Asia News Stories"" code=""M$A$$$"" num=""40028"" />",,,,,,
40029,,,"","MAIPR$",,"<topic human="""" code=""MAIPR$"" num=""40029"" />",,,,,,
40030,"Italy Data Tables",,"MAIDT$=40030:100","MAIDT$",,"<topic human=""Italy Data Tables"" code=""MAIDT$"" num=""40030"" />",,,,,,
40031,"Latin America Government",,"MGT$$$=40031:100","MGT$$$",,"<topic human=""Latin America Government"" code=""MGT$$$"" num=""40031"" />",,,,,,
40032,"Agencies - Market Trading",,"MN$AG$=40032:100","MN$AG$",,"<topic human=""Agencies - Market Trading"" code=""MN$AG$"" num=""40032"" />",,,,,,
40033,,,"","MASPR$",,"<topic human="""" code=""MASPR$"" num=""40033"" />",,,,,,
40034,"Top Stories Recap",,"MNSTNB=40034:100","MNSTNB",,"<topic human=""Top Stories Recap"" code=""MNSTNB"" num=""40034"" />",,,,,,
40035,"US News Briefs",,"MBU$$$=40035:100","MBU$$$",,"<topic human=""US News Briefs"" code=""MBU$$$"" num=""40035"" />",,,,,,
40036,,,"","MACRE$",,"<topic human="""" code=""MACRE$"" num=""40036"" />",,,,,,
40037,"Japanese News",,"M$J$$$=40037:100","M$J$$$",,"<topic human=""Japanese News"" code=""M$J$$$"" num=""40037"" />",,,,,,
40038,"Corporate Debt",,"MN$CO$=40038:100","MN$CO$",,"<topic human=""Corporate Debt"" code=""MN$CO$"" num=""40038"" />",,,,,,
40039,"Germany Data",,"MAGDA$=40039:100","MAGDA$",,"<topic human=""Germany Data"" code=""MAGDA$"" num=""40039"" />",,,,,,
40040,"France Data Tables",,"MAFDT$=40040:100","MAFDT$",,"<topic human=""France Data Tables"" code=""MAFDT$"" num=""40040"" />",,,,,,
40041,"Latin American Fiscal Policy",,"MFT$$$=40041:100","MFT$$$",,"<topic human=""Latin American Fiscal Policy"" code=""MFT$$$"" num=""40041"" />",,,,,,
40042,"*****INVALID*****",,,"MADS$",,"<topic human=""*****INVALID*****"" code=""MADS$"" num=""40042"" />",,,,,,
40043,"US Stock Market Trading",,"MNUEQ$=40043:100","MNUEQ$",,"<topic human=""US Stock Market Trading"" code=""MNUEQ$"" num=""40043"" />",,,,,,
40044,"Italy Data Stories",,"MAIDS$=40044:100","MAIDS$",,"<topic human=""Italy Data Stories"" code=""MAIDS$"" num=""40044"" />",,,,,,
40045,"France Data Stories",,"MAFDS$=40045:100","MAFDS$",,"<topic human=""France Data Stories"" code=""MAFDS$"" num=""40045"" />",,,,,,
40046,,,"","MAUCB$",,"<topic human="""" code=""MAUCB$"" num=""40046"" />",,,,,,
40047,"US Stock Market",,"M$UEQ$=40047:100","M$UEQ$",,"<topic human=""US Stock Market"" code=""M$UEQ$"" num=""40047"" />",,,,,,
40048,,,"","MAURC$",,"<topic human="""" code=""MAURC$"" num=""40048"" />",,,,,,
40049,"Agencies",,"M$$AG$=40049:100","M$$AG$",,"<topic human=""Agencies"" code=""M$$AG$"" num=""40049"" />",,,,,,
40050,,,"","M$$EQ$",,"<topic human="""" code=""M$$EQ$"" num=""40050"" />",,,,,,
40051,"France Data ",,"MAFDA$=40051:100","MAFDA$",,"<topic human=""France Data "" code=""MAFDA$"" num=""40051"" />",,,,,,
40052,"Europe Data",,"MAXDA$=40052:100","MAXDA$",,"<topic human=""Europe Data"" code=""MAXDA$"" num=""40052"" />",,,,,,
40053,,,"","M$N$$$",,"<topic human="""" code=""M$N$$$"" num=""40053"" />",,,,,,
40054,"Canadian News",,"M$C$$$=40054:100","M$C$$$",,"<topic human=""Canadian News"" code=""M$C$$$"" num=""40054"" />",,,,,,
40055,"Mexico Data Stories",,"MAMDS$=40055:100","MAMDS$",,"<topic human=""Mexico Data Stories"" code=""MAMDS$"" num=""40055"" />",,,,,,
40056,"Italy Data ",,"MAIDA$=40056:100","MAIDA$",,"<topic human=""Italy Data "" code=""MAIDA$"" num=""40056"" />",,,,,,
40057,,,"","MAU1M$",,"<topic human="""" code=""MAU1M$"" num=""40057"" />",,,,,,
40058,"FX Trading",,"MN$FX$=40058:100","MN$FX$",,"<topic human=""FX Trading"" code=""MN$FX$"" num=""40058"" />",,,,,,
40059,,,"","MAXPR$",,"<topic human="""" code=""MAXPR$"" num=""40059"" />",,,,,,
40060,,,"","MAGPR$",,"<topic human="""" code=""MAGPR$"" num=""40060"" />",,,,,,
40061,,,"","MNUAU$",,"<topic human="""" code=""MNUAU$"" num=""40061"" />",,,,,,
40062,"Derivatives",,"M$$DR$=40062:100","M$$DR$",,"<topic human=""Derivatives"" code=""M$$DR$"" num=""40062"" />",,,,,,
40063,,,"","MAXAE$",,"<topic human="""" code=""MAXAE$"" num=""40063"" />",,,,,,
40064,"Spain Data Tables",,"MASDT$=40064:100","MASDT$",,"<topic human=""Spain Data Tables"" code=""MASDT$"" num=""40064"" />",,,,,,
40065,,,"","MAUY0$",,"<topic human="""" code=""MAUY0$"" num=""40065"" />",,,,,,
40066,,,"","MAUOA$",,"<topic human="""" code=""MAUOA$"" num=""40066"" />",,,,,,
40067,,,"","MAUJ1$",,"<topic human="""" code=""MAUJ1$"" num=""40067"" />",,,,,,
40068,,,"","MAUJ0$",,"<topic human="""" code=""MAUJ0$"" num=""40068"" />",,,,,,
40069,,,"","MAU4B$",,"<topic human="""" code=""MAU4B$"" num=""40069"" />",,,,,,
40070,,,"","MAU2B$",,"<topic human="""" code=""MAU2B$"" num=""40070"" />",,,,,,
40071,,,"","MAU1B$",,"<topic human="""" code=""MAU1B$"" num=""40071"" />",,,,,,
40072,,,"","MAU0B$",,"<topic human="""" code=""MAU0B$"" num=""40072"" />",,,,,,
40073,,,"","M$$HE$",,"<topic human="""" code=""M$$HE$"" num=""40073"" />",,,,,,
40074,,,"","MAUV9$",,"<topic human="""" code=""MAUV9$"" num=""40074"" />",,,,,,
40075,,,"","MAUM8$",,"<topic human="""" code=""MAUM8$"" num=""40075"" />",,,,,,
40076,,,"","MAUM7$",,"<topic human="""" code=""MAUM7$"" num=""40076"" />",,,,,,
40077,,,"","MAUM6$",,"<topic human="""" code=""MAUM6$"" num=""40077"" />",,,,,,
40078,,,"","MAUM5$",,"<topic human="""" code=""MAUM5$"" num=""40078"" />",,,,,,
40079,,,"","MAUM4$",,"<topic human="""" code=""MAUM4$"" num=""40079"" />",,,,,,
40080,,,"","MAUM3$",,"<topic human="""" code=""MAUM3$"" num=""40080"" />",,,,,,
40081,,,"","MAUM2$",,"<topic human="""" code=""MAUM2$"" num=""40081"" />",,,,,,
40082,,,"","MAUM1$",,"<topic human="""" code=""MAUM1$"" num=""40082"" />",,,,,,
40083,,,"","MAUM0$",,"<topic human="""" code=""MAUM0$"" num=""40083"" />",,,,,,
40084,,,"","MAU7M$",,"<topic human="""" code=""MAU7M$"" num=""40084"" />",,,,,,
40085,,,"","MAU6M$",,"<topic human="""" code=""MAU6M$"" num=""40085"" />",,,,,,
40086,,,"","MAU5M$",,"<topic human="""" code=""MAU5M$"" num=""40086"" />",,,,,,
40087,,,"","MAU4M$",,"<topic human="""" code=""MAU4M$"" num=""40087"" />",,,,,,
40088,,,"","MAU3M$",,"<topic human="""" code=""MAU3M$"" num=""40088"" />",,,,,,
40089,,,"","MAU3B$",,"<topic human="""" code=""MAU3B$"" num=""40089"" />",,,,,,
40090,,,"","MAU2M$",,"<topic human="""" code=""MAU2M$"" num=""40090"" />",,,,,,
40091,"Spain Data ",,"MASDA$=40091:100","MASDA$",,"<topic human=""Spain Data "" code=""MASDA$"" num=""40091"" />",,,,,,
40092,,,"","MAGAG$",,"<topic human="""" code=""MAGAG$"" num=""40092"" />",,,,,,
40093,,,"","M$EC$$",,"<topic human="""" code=""M$EC$$"" num=""40093"" />",,,,,,
40094,"US Congress",,"MCU$$$=40094:100","MCU$$$",,"<topic human=""US Congress"" code=""MCU$$$"" num=""40094"" />",,,,,,
40095,,,"","MAUOM$",,"<topic human="""" code=""MAUOM$"" num=""40095"" />",,,,,,
40096,,,"","MAUDR$",,"<topic human="""" code=""MAUDR$"" num=""40096"" />",,,,,,
40097,,,"","M$BE$$",,"<topic human="""" code=""M$BE$$"" num=""40097"" />",,,,,,
40098,,,"","MAUY3$",,"<topic human="""" code=""MAUY3$"" num=""40098"" />",,,,,,
40099,,,"","MAGOD$",,"<topic human="""" code=""MAGOD$"" num=""40099"" />",,,,,,
40100,,,"","MAGOC$",,"<topic human="""" code=""MAGOC$"" num=""40100"" />",,,,,,
40101,"Banking News",,"MK$$$$=40101:100","MK$$$$",,"<topic human=""Banking News"" code=""MK$$$$"" num=""40101"" />",,,,,,
40102,"Corporate News - General",,"M$$CO$=40102:100","M$$CO$",,"<topic human=""Corporate News - General"" code=""M$$CO$"" num=""40102"" />",,,,,,
40103,,,"","MAXAN$",,"<topic human="""" code=""MAXAN$"" num=""40103"" />",,,,,,
40104,,,"","MAXAM$",,"<topic human="""" code=""MAXAM$"" num=""40104"" />",,,,,,
40105,,,"","MAGDR$",,"<topic human="""" code=""MAGDR$"" num=""40105"" />",,,,,,
40106,"Latin America News",,"M$T$$$=40106:100","M$T$$$",,"<topic human=""Latin America News"" code=""M$T$$$"" num=""40106"" />",,,,,,
40107,,,"","MAUT3$",,"<topic human="""" code=""MAUT3$"" num=""40107"" />",,,,,,
40108,,,"","M$$OI$",,"<topic human="""" code=""M$$OI$"" num=""40108"" />",,,,,,
40109,,,"","M$FX$$",,"<topic human="""" code=""M$FX$$"" num=""40109"" />",,,,,,
40110,,,"","MAUW1$",,"<topic human="""" code=""MAUW1$"" num=""40110"" />",,,,,,
40111,,,"","MAUG0$",,"<topic human="""" code=""MAUG0$"" num=""40111"" />",,,,,,
40112,,,"","MAIEA$",,"<topic human="""" code=""MAIEA$"" num=""40112"" />",,,,,,
40113,,,"","MAGIB$",,"<topic human="""" code=""MAGIB$"" num=""40113"" />",,,,,,
40114,,,"","MAGIA$",,"<topic human="""" code=""MAGIA$"" num=""40114"" />",,,,,,
40115,,,"","MAGC4$",,"<topic human="""" code=""MAGC4$"" num=""40115"" />",,,,,,
40116,,,"","MAGC1$",,"<topic human="""" code=""MAGC1$"" num=""40116"" />",,,,,,
40117,,,"","MABPR$",,"<topic human="""" code=""MABPR$"" num=""40117"" />",,,,,,
40118,"Fixed Income Portfolio Stories",,"MP$FI$=40118:100","MP$FI$",,"<topic human=""Fixed Income Portfolio Stories"" code=""MP$FI$"" num=""40118"" />",,,,,,
40119,,,"","M$E$$$",,"<topic human="""" code=""M$E$$$"" num=""40119"" />",,,,,,
40120,,,"","MAXBN$",,"<topic human="""" code=""MAXBN$"" num=""40120"" />",,,,,,
40121,,,"","MAXBM$",,"<topic human="""" code=""MAXBM$"" num=""40121"" />",,,,,,
40122,,,"","MAUZ2$",,"<topic human="""" code=""MAUZ2$"" num=""40122"" />",,,,,,
40123,,,"","MAUV0$",,"<topic human="""" code=""MAUV0$"" num=""40123"" />",,,,,,
40124,,,"","MAUN9$",,"<topic human="""" code=""MAUN9$"" num=""40124"" />",,,,,,
40125,,,"","MAUH4$",,"<topic human="""" code=""MAUH4$"" num=""40125"" />",,,,,,
40126,,,"","MAUH3$",,"<topic human="""" code=""MAUH3$"" num=""40126"" />",,,,,,
40127,,,"","MAUH2$",,"<topic human="""" code=""MAUH2$"" num=""40127"" />",,,,,,
40128,,,"","MAUFP$",,"<topic human="""" code=""MAUFP$"" num=""40128"" />",,,,,,
40129,,,"","MAIEF$",,"<topic human="""" code=""MAIEF$"" num=""40129"" />",,,,,,
40130,,,"","MAICG$",,"<topic human="""" code=""MAICG$"" num=""40130"" />",,,,,,
40131,,,"","MAICA$",,"<topic human="""" code=""MAICA$"" num=""40131"" />",,,,,,
40132,,,"","MAIAI$",,"<topic human="""" code=""MAIAI$"" num=""40132"" />",,,,,,
40133,,,"","MAGPL$",,"<topic human="""" code=""MAGPL$"" num=""40133"" />",,,,,,
40134,,,"","MAFDV$",,"<topic human="""" code=""MAFDV$"" num=""40134"" />",,,,,,
40135,,,"","MAFAS$",,"<topic human="""" code=""MAFAS$"" num=""40135"" />",,,,,,
40136,,,"","MACCP$",,"<topic human="""" code=""MACCP$"" num=""40136"" />",,,,,,
40137,,,"","MABT3$",,"<topic human="""" code=""MABT3$"" num=""40137"" />",,,,,,
40138,,,"","MABP3$",,"<topic human="""" code=""MABP3$"" num=""40138"" />",,,,,,
40139,,,"","MABP2$",,"<topic human="""" code=""MABP2$"" num=""40139"" />",,,,,,
40140,,,"","MABP1$",,"<topic human="""" code=""MABP1$"" num=""40140"" />",,,,,,
40141,,,"","MABM1$",,"<topic human="""" code=""MABM1$"" num=""40141"" />",,,,,,
40142,,,"","MABC3$",,"<topic human="""" code=""MABC3$"" num=""40142"" />",,,,,,
40143,,,"","MABC2$",,"<topic human="""" code=""MABC2$"" num=""40143"" />",,,,,,
40144,,,"","MABC1$",,"<topic human="""" code=""MABC1$"" num=""40144"" />",,,,,,
40145,,,"","MAUN3$",,"<topic human="""" code=""MAUN3$"" num=""40145"" />",,,,,,
40146,,,"","MAUL0$",,"<topic human="""" code=""MAUL0$"" num=""40146"" />",,,,,,
40147,,,"","MAGSG$",,"<topic human="""" code=""MAGSG$"" num=""40147"" />",,,,,,
40148,,,"","MAGSF$",,"<topic human="""" code=""MAGSF$"" num=""40148"" />",,,,,,
40149,,,"","MAFAN$",,"<topic human="""" code=""MAFAN$"" num=""40149"" />",,,,,,
40150,,,"","MAFAM$",,"<topic human="""" code=""MAFAM$"" num=""40150"" />",,,,,,
40151,,,"","MAFAD$",,"<topic human="""" code=""MAFAD$"" num=""40151"" />",,,,,,
40152,,,"","MACLF$",,"<topic human="""" code=""MACLF$"" num=""40152"" />",,,,,,
40153,,,"","MACGD$",,"<topic human="""" code=""MACGD$"" num=""40153"" />",,,,,,
40154,"UK Data Stories",,"MABDS$=40154:100","MABDS$",,"<topic human=""UK Data Stories"" code=""MABDS$"" num=""40154"" />",,,,,,
40155,,,"","MABC5$",,"<topic human="""" code=""MABC5$"" num=""40155"" />",,,,,,
40156,,,"","MNSFED",,"<topic human="""" code=""MNSFED"" num=""40156"" />",,,,,,
40157,,,"","MAXCR$",,"<topic human="""" code=""MAXCR$"" num=""40157"" />",,,,,,
40158,,,"","MAXCM$",,"<topic human="""" code=""MAXCM$"" num=""40158"" />",,,,,,
40159,,,"","MAXBO$",,"<topic human="""" code=""MAXBO$"" num=""40159"" />",,,,,,
40160,,,"","MAUZ3$",,"<topic human="""" code=""MAUZ3$"" num=""40160"" />",,,,,,
40161,,,"","MAUW2$",,"<topic human="""" code=""MAUW2$"" num=""40161"" />",,,,,,
40162,,,"","MAUW0$",,"<topic human="""" code=""MAUW0$"" num=""40162"" />",,,,,,
40163,,,"","MAUT9$",,"<topic human="""" code=""MAUT9$"" num=""40163"" />",,,,,,
40164,,,"","MAUT8$",,"<topic human="""" code=""MAUT8$"" num=""40164"" />",,,,,,
40165,,,"","MAUT7$",,"<topic human="""" code=""MAUT7$"" num=""40165"" />",,,,,,
40166,,,"","MAUT4$",,"<topic human="""" code=""MAUT4$"" num=""40166"" />",,,,,,
40167,,,"","MAUT2$",,"<topic human="""" code=""MAUT2$"" num=""40167"" />",,,,,,
40168,,,"","MAUT1$",,"<topic human="""" code=""MAUT1$"" num=""40168"" />",,,,,,
40169,,,"","MAUT0$",,"<topic human="""" code=""MAUT0$"" num=""40169"" />",,,,,,
40170,,,"","MAUL3$",,"<topic human="""" code=""MAUL3$"" num=""40170"" />",,,,,,
40171,,,"","MAUL2$",,"<topic human="""" code=""MAUL2$"" num=""40171"" />",,,,,,
40172,,,"","MAUL1$",,"<topic human="""" code=""MAUL1$"" num=""40172"" />",,,,,,
40173,,,"","MAUG6$",,"<topic human="""" code=""MAUG6$"" num=""40173"" />",,,,,,
40174,,,"","MAUG5$",,"<topic human="""" code=""MAUG5$"" num=""40174"" />",,,,,,
40175,,,"","MAUG3$",,"<topic human="""" code=""MAUG3$"" num=""40175"" />",,,,,,
40176,,,"","MAUG2$",,"<topic human="""" code=""MAUG2$"" num=""40176"" />",,,,,,
40177,,,"","MAUG1$",,"<topic human="""" code=""MAUG1$"" num=""40177"" />",,,,,,
40178,,,"","MAU9C$",,"<topic human="""" code=""MAU9C$"" num=""40178"" />",,,,,,
40179,,,"","MAU6T$",,"<topic human="""" code=""MAU6T$"" num=""40179"" />",,,,,,
40180,,,"","MAU5T$",,"<topic human="""" code=""MAU5T$"" num=""40180"" />",,,,,,
40181,,,"","MAU5H$",,"<topic human="""" code=""MAU5H$"" num=""40181"" />",,,,,,
40182,,,"","MAU4T$",,"<topic human="""" code=""MAU4T$"" num=""40182"" />",,,,,,
40183,,,"","MAU3T$",,"<topic human="""" code=""MAU3T$"" num=""40183"" />",,,,,,
40184,,,"","MAU2Z$",,"<topic human="""" code=""MAU2Z$"" num=""40184"" />",,,,,,
40185,,,"","MAU2T$",,"<topic human="""" code=""MAU2T$"" num=""40185"" />",,,,,,
40186,,,"","MAU1T$",,"<topic human="""" code=""MAU1T$"" num=""40186"" />",,,,,,
40187,,,"","MAU0T$",,"<topic human="""" code=""MAU0T$"" num=""40187"" />",,,,,,
40188,,,"","MAU0C$",,"<topic human="""" code=""MAU0C$"" num=""40188"" />",,,,,,
40189,,,"","MAIEC$",,"<topic human="""" code=""MAIEC$"" num=""40189"" />",,,,,,
40190,,,"","MAICE$",,"<topic human="""" code=""MAICE$"" num=""40190"" />",,,,,,
40191,,,"","MAICC$",,"<topic human="""" code=""MAICC$"" num=""40191"" />",,,,,,
40192,,,"","MAIAC$",,"<topic human="""" code=""MAIAC$"" num=""40192"" />",,,,,,
40193,,,"","MAGU1$",,"<topic human="""" code=""MAGU1$"" num=""40193"" />",,,,,,
40194,,,"","MAGTA$",,"<topic human="""" code=""MAGTA$"" num=""40194"" />",,,,,,
40195,,,"","MAGPS$",,"<topic human="""" code=""MAGPS$"" num=""40195"" />",,,,,,
40196,,,"","MAGPM$",,"<topic human="""" code=""MAGPM$"" num=""40196"" />",,,,,,
40197,,,"","MAGIG$",,"<topic human="""" code=""MAGIG$"" num=""40197"" />",,,,,,
40198,,,"","MAGIF$",,"<topic human="""" code=""MAGIF$"" num=""40198"" />",,,,,,
40199,,,"","MAGDQ$",,"<topic human="""" code=""MAGDQ$"" num=""40199"" />",,,,,,
40200,,,"","MAGCR$",,"<topic human="""" code=""MAGCR$"" num=""40200"" />",,,,,,
40201,,,"","MAGCA$",,"<topic human="""" code=""MAGCA$"" num=""40201"" />",,,,,,
40202,,,"","MAFCB$",,"<topic human="""" code=""MAFCB$"" num=""40202"" />",,,,,,
40203,,,"","MAFCA$",,"<topic human="""" code=""MAFCA$"" num=""40203"" />",,,,,,
40204,,,"","MAFBZ$",,"<topic human="""" code=""MAFBZ$"" num=""40204"" />",,,,,,
40205,,,"","MACWS$",,"<topic human="""" code=""MACWS$"" num=""40205"" />",,,,,,
40206,,,"","MACTR$",,"<topic human="""" code=""MACTR$"" num=""40206"" />",,,,,,
40207,,,"","MACR1$",,"<topic human="""" code=""MACR1$"" num=""40207"" />",,,,,,
40208,,,"","MABG1$",,"<topic human="""" code=""MABG1$"" num=""40208"" />",,,,,,
40209,,,"","M$XDT$",,"<topic human="""" code=""M$XDT$"" num=""40209"" />",,,,,,
40210,,,"","M$XD$$",,"<topic human="""" code=""M$XD$$"" num=""40210"" />",,,,,,
40211,,,"","MFADS$",,"<topic human="""" code=""MFADS$"" num=""40211"" />",,,,,,
40212,,,"","MAXCE$",,"<topic human="""" code=""MAXCE$"" num=""40212"" />",,,,,,
40213,,,"","MAXCD$",,"<topic human="""" code=""MAXCD$"" num=""40213"" />",,,,,,
40214,,,"","MAXCC$",,"<topic human="""" code=""MAXCC$"" num=""40214"" />",,,,,,
40215,,,"","MAXCB$",,"<topic human="""" code=""MAXCB$"" num=""40215"" />",,,,,,
40216,,,"","MAXCA$",,"<topic human="""" code=""MAXCA$"" num=""40216"" />",,,,,,
40217,,,"","MAXBZ$",,"<topic human="""" code=""MAXBZ$"" num=""40217"" />",,,,,,
40218,,,"","MAXBY$",,"<topic human="""" code=""MAXBY$"" num=""40218"" />",,,,,,
40219,,,"","MAXBX$",,"<topic human="""" code=""MAXBX$"" num=""40219"" />",,,,,,
40220,,,"","MAXBW$",,"<topic human="""" code=""MAXBW$"" num=""40220"" />",,,,,,
40221,,,"","MAXBQ$",,"<topic human="""" code=""MAXBQ$"" num=""40221"" />",,,,,,
40222,,,"","MAXBL$",,"<topic human="""" code=""MAXBL$"" num=""40222"" />",,,,,,
40223,,,"","MAXBH$",,"<topic human="""" code=""MAXBH$"" num=""40223"" />",,,,,,
40224,,,"","MAXBE$",,"<topic human="""" code=""MAXBE$"" num=""40224"" />",,,,,,
40225,,,"","MAXBC$",,"<topic human="""" code=""MAXBC$"" num=""40225"" />",,,,,,
40226,,,"","MAXAO$",,"<topic human="""" code=""MAXAO$"" num=""40226"" />",,,,,,
40227,,,"","MAXAL$",,"<topic human="""" code=""MAXAL$"" num=""40227"" />",,,,,,
40228,,,"","MAXAJ$",,"<topic human="""" code=""MAXAJ$"" num=""40228"" />",,,,,,
40229,,,"","MAUV8$",,"<topic human="""" code=""MAUV8$"" num=""40229"" />",,,,,,
40230,,,"","MAUV7$",,"<topic human="""" code=""MAUV7$"" num=""40230"" />",,,,,,
40231,,,"","MAUV6$",,"<topic human="""" code=""MAUV6$"" num=""40231"" />",,,,,,
40232,,,"","MAUV5$",,"<topic human="""" code=""MAUV5$"" num=""40232"" />",,,,,,
40233,,,"","MAUV4$",,"<topic human="""" code=""MAUV4$"" num=""40233"" />",,,,,,
40234,,,"","MAUV3$",,"<topic human="""" code=""MAUV3$"" num=""40234"" />",,,,,,
40235,,,"","MAUV2$",,"<topic human="""" code=""MAUV2$"" num=""40235"" />",,,,,,
40236,,,"","MAUV1$",,"<topic human="""" code=""MAUV1$"" num=""40236"" />",,,,,,
40237,,,"","MAUR0$",,"<topic human="""" code=""MAUR0$"" num=""40237"" />",,,,,,
40238,,,"","MAUP9$",,"<topic human="""" code=""MAUP9$"" num=""40238"" />",,,,,,
40239,,,"","MAUP8$",,"<topic human="""" code=""MAUP8$"" num=""40239"" />",,,,,,
40240,,,"","MAUP6$",,"<topic human="""" code=""MAUP6$"" num=""40240"" />",,,,,,
40241,,,"","MAUP5$",,"<topic human="""" code=""MAUP5$"" num=""40241"" />",,,,,,
40242,,,"","MAUP4$",,"<topic human="""" code=""MAUP4$"" num=""40242"" />",,,,,,
40243,,,"","MAUP3$",,"<topic human="""" code=""MAUP3$"" num=""40243"" />",,,,,,
40244,,,"","MAUP1$",,"<topic human="""" code=""MAUP1$"" num=""40244"" />",,,,,,
40245,,,"","MAUP0$",,"<topic human="""" code=""MAUP0$"" num=""40245"" />",,,,,,
40246,,,"","MAUN5$",,"<topic human="""" code=""MAUN5$"" num=""40246"" />",,,,,,
40247,,,"","MAUN4$",,"<topic human="""" code=""MAUN4$"" num=""40247"" />",,,,,,
40248,,,"","MAUN2$",,"<topic human="""" code=""MAUN2$"" num=""40248"" />",,,,,,
40249,,,"","MAUK5$",,"<topic human="""" code=""MAUK5$"" num=""40249"" />",,,,,,
40250,,,"","MAUK4$",,"<topic human="""" code=""MAUK4$"" num=""40250"" />",,,,,,
40251,,,"","MAUK1$",,"<topic human="""" code=""MAUK1$"" num=""40251"" />",,,,,,
40252,,,"","MAUK0$",,"<topic human="""" code=""MAUK0$"" num=""40252"" />",,,,,,
40253,,,"","MAUH5$",,"<topic human="""" code=""MAUH5$"" num=""40253"" />",,,,,,
40254,,,"","MAUH1$",,"<topic human="""" code=""MAUH1$"" num=""40254"" />",,,,,,
40255,,,"","MAUH0$",,"<topic human="""" code=""MAUH0$"" num=""40255"" />",,,,,,
40256,,,"","MAUG9$",,"<topic human="""" code=""MAUG9$"" num=""40256"" />",,,,,,
40257,,,"","MAUF7$",,"<topic human="""" code=""MAUF7$"" num=""40257"" />",,,,,,
40258,,,"","MAUF6$",,"<topic human="""" code=""MAUF6$"" num=""40258"" />",,,,,,
40259,,,"","MAUF5$",,"<topic human="""" code=""MAUF5$"" num=""40259"" />",,,,,,
40260,,,"","MAUF4$",,"<topic human="""" code=""MAUF4$"" num=""40260"" />",,,,,,
40261,,,"","MAUF3$",,"<topic human="""" code=""MAUF3$"" num=""40261"" />",,,,,,
40262,,,"","MAUF2$",,"<topic human="""" code=""MAUF2$"" num=""40262"" />",,,,,,
40263,,,"","MAUF1$",,"<topic human="""" code=""MAUF1$"" num=""40263"" />",,,,,,
40264,,,"","MAUF0$",,"<topic human="""" code=""MAUF0$"" num=""40264"" />",,,,,,
40265,,,"","MAUE9$",,"<topic human="""" code=""MAUE9$"" num=""40265"" />",,,,,,
40266,,,"","MAUE8$",,"<topic human="""" code=""MAUE8$"" num=""40266"" />",,,,,,
40267,,,"","MAUE7$",,"<topic human="""" code=""MAUE7$"" num=""40267"" />",,,,,,
40268,,,"","MAUE6$",,"<topic human="""" code=""MAUE6$"" num=""40268"" />",,,,,,
40269,,,"","MAUE5$",,"<topic human="""" code=""MAUE5$"" num=""40269"" />",,,,,,
40270,,,"","MAUE4$",,"<topic human="""" code=""MAUE4$"" num=""40270"" />",,,,,,
40271,,,"","MAUE3$",,"<topic human="""" code=""MAUE3$"" num=""40271"" />",,,,,,
40272,,,"","MAUE2$",,"<topic human="""" code=""MAUE2$"" num=""40272"" />",,,,,,
40273,,,"","MAUE1$",,"<topic human="""" code=""MAUE1$"" num=""40273"" />",,,,,,
40274,,,"","MAUE0$",,"<topic human="""" code=""MAUE0$"" num=""40274"" />",,,,,,
40275,,,"","MAUC5$",,"<topic human="""" code=""MAUC5$"" num=""40275"" />",,,,,,
40276,,,"","MAUC4$",,"<topic human="""" code=""MAUC4$"" num=""40276"" />",,,,,,
40277,,,"","MAUC3$",,"<topic human="""" code=""MAUC3$"" num=""40277"" />",,,,,,
40278,,,"","MAUC2$",,"<topic human="""" code=""MAUC2$"" num=""40278"" />",,,,,,
40279,,,"","MAUC1$",,"<topic human="""" code=""MAUC1$"" num=""40279"" />",,,,,,
40280,,,"","MAUC0$",,"<topic human="""" code=""MAUC0$"" num=""40280"" />",,,,,,
40281,,,"","MAUB4$",,"<topic human="""" code=""MAUB4$"" num=""40281"" />",,,,,,
40282,,,"","MAUB3$",,"<topic human="""" code=""MAUB3$"" num=""40282"" />",,,,,,
40283,,,"","MAUA4$",,"<topic human="""" code=""MAUA4$"" num=""40283"" />",,,,,,
40284,,,"","MAUA0$",,"<topic human="""" code=""MAUA0$"" num=""40284"" />",,,,,,
40285,,,"","MAU9E$",,"<topic human="""" code=""MAU9E$"" num=""40285"" />",,,,,,
40286,,,"","MAU8E$",,"<topic human="""" code=""MAU8E$"" num=""40286"" />",,,,,,
40287,,,"","MAU7E$",,"<topic human="""" code=""MAU7E$"" num=""40287"" />",,,,,,
40288,,,"","MAU7C$",,"<topic human="""" code=""MAU7C$"" num=""40288"" />",,,,,,
40289,,,"","MAU6H$",,"<topic human="""" code=""MAU6H$"" num=""40289"" />",,,,,,
40290,,,"","MAU6E$",,"<topic human="""" code=""MAU6E$"" num=""40290"" />",,,,,,
40291,,,"","MAU5E$",,"<topic human="""" code=""MAU5E$"" num=""40291"" />",,,,,,
40292,,,"","MAU4E$",,"<topic human="""" code=""MAU4E$"" num=""40292"" />",,,,,,
40293,,,"","MAU4C$",,"<topic human="""" code=""MAU4C$"" num=""40293"" />",,,,,,
40294,,,"","MAU3L$",,"<topic human="""" code=""MAU3L$"" num=""40294"" />",,,,,,
40295,,,"","MAU3H$",,"<topic human="""" code=""MAU3H$"" num=""40295"" />",,,,,,
40296,,,"","MAU3E$",,"<topic human="""" code=""MAU3E$"" num=""40296"" />",,,,,,
40297,,,"","MAU3C$",,"<topic human="""" code=""MAU3C$"" num=""40297"" />",,,,,,
40298,,,"","MAU2P$",,"<topic human="""" code=""MAU2P$"" num=""40298"" />",,,,,,
40299,,,"","MAU2L$",,"<topic human="""" code=""MAU2L$"" num=""40299"" />",,,,,,
40300,,,"","MAU2E$",,"<topic human="""" code=""MAU2E$"" num=""40300"" />",,,,,,
40301,,,"","MAU2C$",,"<topic human="""" code=""MAU2C$"" num=""40301"" />",,,,,,
40302,,,"","MAU1Z$",,"<topic human="""" code=""MAU1Z$"" num=""40302"" />",,,,,,
40303,,,"","MAU1U$",,"<topic human="""" code=""MAU1U$"" num=""40303"" />",,,,,,
40304,,,"","MAU1P$",,"<topic human="""" code=""MAU1P$"" num=""40304"" />",,,,,,
40305,,,"","MAU1L$",,"<topic human="""" code=""MAU1L$"" num=""40305"" />",,,,,,
40306,,,"","MAU1E$",,"<topic human="""" code=""MAU1E$"" num=""40306"" />",,,,,,
40307,,,"","MAU1C$",,"<topic human="""" code=""MAU1C$"" num=""40307"" />",,,,,,
40308,,,"","MAU0Z$",,"<topic human="""" code=""MAU0Z$"" num=""40308"" />",,,,,,
40309,,,"","MAU0U$",,"<topic human="""" code=""MAU0U$"" num=""40309"" />",,,,,,
40310,,,"","MAU0R$",,"<topic human="""" code=""MAU0R$"" num=""40310"" />",,,,,,
40311,,,"","MAU0P$",,"<topic human="""" code=""MAU0P$"" num=""40311"" />",,,,,,
40312,,,"","MAU0L$",,"<topic human="""" code=""MAU0L$"" num=""40312"" />",,,,,,
40313,,,"","MAU0E$",,"<topic human="""" code=""MAU0E$"" num=""40313"" />",,,,,,
40314,,,"","MAIEG$",,"<topic human="""" code=""MAIEG$"" num=""40314"" />",,,,,,
40315,,,"","MAIED$",,"<topic human="""" code=""MAIED$"" num=""40315"" />",,,,,,
40316,,,"","MAICL$",,"<topic human="""" code=""MAICL$"" num=""40316"" />",,,,,,
40317,,,"","MAICK$",,"<topic human="""" code=""MAICK$"" num=""40317"" />",,,,,,
40318,,,"","MAICJ$",,"<topic human="""" code=""MAICJ$"" num=""40318"" />",,,,,,
40319,,,"","MAICH$",,"<topic human="""" code=""MAICH$"" num=""40319"" />",,,,,,
40320,,,"","MAICB$",,"<topic human="""" code=""MAICB$"" num=""40320"" />",,,,,,
40321,,,"","MAIBZ$",,"<topic human="""" code=""MAIBZ$"" num=""40321"" />",,,,,,
40322,,,"","MAIBW$",,"<topic human="""" code=""MAIBW$"" num=""40322"" />",,,,,,
40323,,,"","MAIBV$",,"<topic human="""" code=""MAIBV$"" num=""40323"" />",,,,,,
40324,,,"","MAIBU$",,"<topic human="""" code=""MAIBU$"" num=""40324"" />",,,,,,
40325,,,"","MAIBT$",,"<topic human="""" code=""MAIBT$"" num=""40325"" />",,,,,,
40326,,,"","MAIBS$",,"<topic human="""" code=""MAIBS$"" num=""40326"" />",,,,,,
40327,,,"","MAIBR$",,"<topic human="""" code=""MAIBR$"" num=""40327"" />",,,,,,
40328,,,"","MAIBQ$",,"<topic human="""" code=""MAIBQ$"" num=""40328"" />",,,,,,
40329,,,"","MAIBP$",,"<topic human="""" code=""MAIBP$"" num=""40329"" />",,,,,,
40330,,,"","MAIBO$",,"<topic human="""" code=""MAIBO$"" num=""40330"" />",,,,,,
40331,,,"","MAIAO$",,"<topic human="""" code=""MAIAO$"" num=""40331"" />",,,,,,
40332,,,"","MAIAL$",,"<topic human="""" code=""MAIAL$"" num=""40332"" />",,,,,,
40333,,,"","MAIAK$",,"<topic human="""" code=""MAIAK$"" num=""40333"" />",,,,,,
40334,,,"","MAIAJ$",,"<topic human="""" code=""MAIAJ$"" num=""40334"" />",,,,,,
40335,,,"","MAIAE$",,"<topic human="""" code=""MAIAE$"" num=""40335"" />",,,,,,
40336,,,"","MAIAD$",,"<topic human="""" code=""MAIAD$"" num=""40336"" />",,,,,,
40337,,,"","MAIAB$",,"<topic human="""" code=""MAIAB$"" num=""40337"" />",,,,,,
40338,,,"","MAIAA$",,"<topic human="""" code=""MAIAA$"" num=""40338"" />",,,,,,
40339,,,"","MAGU8$",,"<topic human="""" code=""MAGU8$"" num=""40339"" />",,,,,,
40340,,,"","MAGU2$",,"<topic human="""" code=""MAGU2$"" num=""40340"" />",,,,,,
40341,,,"","MAGTB$",,"<topic human="""" code=""MAGTB$"" num=""40341"" />",,,,,,
40342,,,"","MAGSH$",,"<topic human="""" code=""MAGSH$"" num=""40342"" />",,,,,,
40343,,,"","MAGSD$",,"<topic human="""" code=""MAGSD$"" num=""40343"" />",,,,,,
40344,,,"","MAGSC$",,"<topic human="""" code=""MAGSC$"" num=""40344"" />",,,,,,
40345,,,"","MAGSA$",,"<topic human="""" code=""MAGSA$"" num=""40345"" />",,,,,,
40346,,,"","MAGPK$",,"<topic human="""" code=""MAGPK$"" num=""40346"" />",,,,,,
40347,,,"","MAGPJ$",,"<topic human="""" code=""MAGPJ$"" num=""40347"" />",,,,,,
40348,,,"","MAGPI$",,"<topic human="""" code=""MAGPI$"" num=""40348"" />",,,,,,
40349,,,"","MAGPE$",,"<topic human="""" code=""MAGPE$"" num=""40349"" />",,,,,,
40350,,,"","MAGPB$",,"<topic human="""" code=""MAGPB$"" num=""40350"" />",,,,,,
40351,,,"","MAGOW$",,"<topic human="""" code=""MAGOW$"" num=""40351"" />",,,,,,
40352,,,"","MAGOV$",,"<topic human="""" code=""MAGOV$"" num=""40352"" />",,,,,,
40353,,,"","MAGOU$",,"<topic human="""" code=""MAGOU$"" num=""40353"" />",,,,,,
40354,,,"","MAGON$",,"<topic human="""" code=""MAGON$"" num=""40354"" />",,,,,,
40355,,,"","MAGOK$",,"<topic human="""" code=""MAGOK$"" num=""40355"" />",,,,,,
40356,,,"","MAGOH$",,"<topic human="""" code=""MAGOH$"" num=""40356"" />",,,,,,
40357,,,"","MAGIY$",,"<topic human="""" code=""MAGIY$"" num=""40357"" />",,,,,,
40358,,,"","MAGIS$",,"<topic human="""" code=""MAGIS$"" num=""40358"" />",,,,,,
40359,,,"","MAGIR$",,"<topic human="""" code=""MAGIR$"" num=""40359"" />",,,,,,
40360,,,"","MAGIE$",,"<topic human="""" code=""MAGIE$"" num=""40360"" />",,,,,,
40361,,,"","MAGID$",,"<topic human="""" code=""MAGID$"" num=""40361"" />",,,,,,
40362,,,"","MAGCW$",,"<topic human="""" code=""MAGCW$"" num=""40362"" />",,,,,,
40363,,,"","MAGCS$",,"<topic human="""" code=""MAGCS$"" num=""40363"" />",,,,,,
40364,,,"","MAGCN$",,"<topic human="""" code=""MAGCN$"" num=""40364"" />",,,,,,
40365,,,"","MAGCH$",,"<topic human="""" code=""MAGCH$"" num=""40365"" />",,,,,,
40366,,,"","MAGCB$",,"<topic human="""" code=""MAGCB$"" num=""40366"" />",,,,,,
40367,,,"","MAGAW$",,"<topic human="""" code=""MAGAW$"" num=""40367"" />",,,,,,
40368,,,"","MAGAV$",,"<topic human="""" code=""MAGAV$"" num=""40368"" />",,,,,,
40369,,,"","MAGAU$",,"<topic human="""" code=""MAGAU$"" num=""40369"" />",,,,,,
40370,,,"","MAGAQ$",,"<topic human="""" code=""MAGAQ$"" num=""40370"" />",,,,,,
40371,,,"","MAGAP$",,"<topic human="""" code=""MAGAP$"" num=""40371"" />",,,,,,
40372,,,"","MAGAO$",,"<topic human="""" code=""MAGAO$"" num=""40372"" />",,,,,,
40373,,,"","MAGAN$",,"<topic human="""" code=""MAGAN$"" num=""40373"" />",,,,,,
40374,,,"","MAGAM$",,"<topic human="""" code=""MAGAM$"" num=""40374"" />",,,,,,
40375,,,"","MAGAI$",,"<topic human="""" code=""MAGAI$"" num=""40375"" />",,,,,,
40376,,,"","MAGAH$",,"<topic human="""" code=""MAGAH$"" num=""40376"" />",,,,,,
40377,,,"","MAGAC$",,"<topic human="""" code=""MAGAC$"" num=""40377"" />",,,,,,
40378,,,"","MAFDU$",,"<topic human="""" code=""MAFDU$"" num=""40378"" />",,,,,,
40379,,,"","MAFCS$",,"<topic human="""" code=""MAFCS$"" num=""40379"" />",,,,,,
40380,,,"","MAFCJ$",,"<topic human="""" code=""MAFCJ$"" num=""40380"" />",,,,,,
40381,,,"","MAFCH$",,"<topic human="""" code=""MAFCH$"" num=""40381"" />",,,,,,
40382,,,"","MAFCG$",,"<topic human="""" code=""MAFCG$"" num=""40382"" />",,,,,,
40383,,,"","MAFBK$",,"<topic human="""" code=""MAFBK$"" num=""40383"" />",,,,,,
40384,,,"","MAFBJ$",,"<topic human="""" code=""MAFBJ$"" num=""40384"" />",,,,,,
40385,,,"","MAFBF$",,"<topic human="""" code=""MAFBF$"" num=""40385"" />",,,,,,
40386,,,"","MAFBE$",,"<topic human="""" code=""MAFBE$"" num=""40386"" />",,,,,,
40387,,,"","MAFAT$",,"<topic human="""" code=""MAFAT$"" num=""40387"" />",,,,,,
40388,,,"","MAFAQ$",,"<topic human="""" code=""MAFAQ$"" num=""40388"" />",,,,,,
40389,,,"","MAFAO$",,"<topic human="""" code=""MAFAO$"" num=""40389"" />",,,,,,
40390,,,"","MAFAL$",,"<topic human="""" code=""MAFAL$"" num=""40390"" />",,,,,,
40391,,,"","MAFAK$",,"<topic human="""" code=""MAFAK$"" num=""40391"" />",,,,,,
40392,,,"","MAFAJ$",,"<topic human="""" code=""MAFAJ$"" num=""40392"" />",,,,,,
40393,,,"","MAFAH$",,"<topic human="""" code=""MAFAH$"" num=""40393"" />",,,,,,
40394,,,"","MACWI$",,"<topic human="""" code=""MACWI$"" num=""40394"" />",,,,,,
40395,,,"","MACRM$",,"<topic human="""" code=""MACRM$"" num=""40395"" />",,,,,,
40396,,,"","MACMF$",,"<topic human="""" code=""MACMF$"" num=""40396"" />",,,,,,
40397,,,"","MACLI$",,"<topic human="""" code=""MACLI$"" num=""40397"" />",,,,,,
40398,,,"","MACHW$",,"<topic human="""" code=""MACHW$"" num=""40398"" />",,,,,,
40399,,,"","MACFI$",,"<topic human="""" code=""MACFI$"" num=""40399"" />",,,,,,
40400,"Canada Data Tables",,"MACDT$=40400:100","MACDT$",,"<topic human=""Canada Data Tables"" code=""MACDT$"" num=""40400"" />",,,,,,
40401,,,"","MACBL$",,"<topic human="""" code=""MACBL$"" num=""40401"" />",,,,,,
40402,,,"","MACAE$",,"<topic human="""" code=""MACAE$"" num=""40402"" />",,,,,,
40403,,,"","MABI2$",,"<topic human="""" code=""MABI2$"" num=""40403"" />",,,,,,
40404,,,"","M$UAU$",,"<topic human="""" code=""M$UAU$"" num=""40404"" />",,,,,,
40405,,,"","MI$IO$",,"<topic human="""" code=""MI$IO$"" num=""40405"" />",,,,,,
40406,,,"","MAXRC$",,"<topic human="""" code=""MAXRC$"" num=""40406"" />",,,,,,
40407,,,"","MAXBU$",,"<topic human="""" code=""MAXBU$"" num=""40407"" />",,,,,,
40408,,,"","MAXBS$",,"<topic human="""" code=""MAXBS$"" num=""40408"" />",,,,,,
40409,,,"","MAUP7$",,"<topic human="""" code=""MAUP7$"" num=""40409"" />",,,,,,
40410,,,"","MAUP2$",,"<topic human="""" code=""MAUP2$"" num=""40410"" />",,,,,,
40411,,,"","MAUON$",,"<topic human="""" code=""MAUON$"" num=""40411"" />",,,,,,
40412,,,"","MAUN0$",,"<topic human="""" code=""MAUN0$"" num=""40412"" />",,,,,,
40413,,,"","MAUI8$",,"<topic human="""" code=""MAUI8$"" num=""40413"" />",,,,,,
40414,,,"","MAUI7$",,"<topic human="""" code=""MAUI7$"" num=""40414"" />",,,,,,
40415,,,"","MAUI3$",,"<topic human="""" code=""MAUI3$"" num=""40415"" />",,,,,,
40416,,,"","MAUI2$",,"<topic human="""" code=""MAUI2$"" num=""40416"" />",,,,,,
40417,,,"","MAUI1$",,"<topic human="""" code=""MAUI1$"" num=""40417"" />",,,,,,
40418,,,"","MAUI0$",,"<topic human="""" code=""MAUI0$"" num=""40418"" />",,,,,,
40419,,,"","MAUD4$",,"<topic human="""" code=""MAUD4$"" num=""40419"" />",,,,,,
40420,,,"","MAUD3$",,"<topic human="""" code=""MAUD3$"" num=""40420"" />",,,,,,
40421,,,"","MAUD2$",,"<topic human="""" code=""MAUD2$"" num=""40421"" />",,,,,,
40422,,,"","MAUD1$",,"<topic human="""" code=""MAUD1$"" num=""40422"" />",,,,,,
40423,,,"","MAUD0$",,"<topic human="""" code=""MAUD0$"" num=""40423"" />",,,,,,
40424,,,"","MAUB2$",,"<topic human="""" code=""MAUB2$"" num=""40424"" />",,,,,,
40425,,,"","MAUB1$",,"<topic human="""" code=""MAUB1$"" num=""40425"" />",,,,,,
40426,,,"","MAUB0$",,"<topic human="""" code=""MAUB0$"" num=""40426"" />",,,,,,
40427,,,"","MAU6P$",,"<topic human="""" code=""MAU6P$"" num=""40427"" />",,,,,,
40428,,,"","MAU5P$",,"<topic human="""" code=""MAU5P$"" num=""40428"" />",,,,,,
40429,,,"","MAU4P$",,"<topic human="""" code=""MAU4P$"" num=""40429"" />",,,,,,
40430,,,"","MAU3Z$",,"<topic human="""" code=""MAU3Z$"" num=""40430"" />",,,,,,
40431,,,"","MAU3P$",,"<topic human="""" code=""MAU3P$"" num=""40431"" />",,,,,,
40432,,,"","MAU2N$",,"<topic human="""" code=""MAU2N$"" num=""40432"" />",,,,,,
40433,,,"","MAU2I$",,"<topic human="""" code=""MAU2I$"" num=""40433"" />",,,,,,
40434,,,"","MAU1N$",,"<topic human="""" code=""MAU1N$"" num=""40434"" />",,,,,,
40435,,,"","MAU1I$",,"<topic human="""" code=""MAU1I$"" num=""40435"" />",,,,,,
40436,,,"","MAU0I$",,"<topic human="""" code=""MAU0I$"" num=""40436"" />",,,,,,
40437,,,"","MAICP$",,"<topic human="""" code=""MAICP$"" num=""40437"" />",,,,,,
40438,,,"","MAICD$",,"<topic human="""" code=""MAICD$"" num=""40438"" />",,,,,,
40439,,,"","MAIBY$",,"<topic human="""" code=""MAIBY$"" num=""40439"" />",,,,,,
40440,,,"","MAIBX$",,"<topic human="""" code=""MAIBX$"" num=""40440"" />",,,,,,
40441,,,"","MAIAY$",,"<topic human="""" code=""MAIAY$"" num=""40441"" />",,,,,,
40442,,,"","MAGSE$",,"<topic human="""" code=""MAGSE$"" num=""40442"" />",,,,,,
40443,,,"","MAGGB$",,"<topic human="""" code=""MAGGB$"" num=""40443"" />",,,,,,
40444,,,"","MAGGA$",,"<topic human="""" code=""MAGGA$"" num=""40444"" />",,,,,,
40445,,,"","MAGDP$",,"<topic human="""" code=""MAGDP$"" num=""40445"" />",,,,,,
40446,,,"","MAGCG$",,"<topic human="""" code=""MAGCG$"" num=""40446"" />",,,,,,
40447,,,"","MAGB4$",,"<topic human="""" code=""MAGB4$"" num=""40447"" />",,,,,,
40448,,,"","MAGAE$",,"<topic human="""" code=""MAGAE$"" num=""40448"" />",,,,,,
40449,,,"","MAFPR$",,"<topic human="""" code=""MAFPR$"" num=""40449"" />",,,,,,
40450,,,"","MAFDO$",,"<topic human="""" code=""MAFDO$"" num=""40450"" />",,,,,,
40451,,,"","MAFBY$",,"<topic human="""" code=""MAFBY$"" num=""40451"" />",,,,,,
40452,,,"","MAFBW$",,"<topic human="""" code=""MAFBW$"" num=""40452"" />",,,,,,
40453,,,"","MAFAZ$",,"<topic human="""" code=""MAFAZ$"" num=""40453"" />",,,,,,
40454,,,"","MAFAI$",,"<topic human="""" code=""MAFAI$"" num=""40454"" />",,,,,,
40455,,,"","MACRS$",,"<topic human="""" code=""MACRS$"" num=""40455"" />",,,,,,
40456,,,"","MACR2$",,"<topic human="""" code=""MACR2$"" num=""40456"" />",,,,,,
40457,,,"","MACMV$",,"<topic human="""" code=""MACMV$"" num=""40457"" />",,,,,,
40458,,,"","MACIP$",,"<topic human="""" code=""MACIP$"" num=""40458"" />",,,,,,
40459,,,"","MABG6$",,"<topic human="""" code=""MABG6$"" num=""40459"" />",,,,,,
40460,,,"","MABB1$",,"<topic human="""" code=""MABB1$"" num=""40460"" />",,,,,,
40461,,,"","M$$US$",,"<topic human="""" code=""M$$US$"" num=""40461"" />",,,,,,
40462,"US Open Market Operations",,"M$UOP$=40462:100","M$UOP$",,"<topic human=""US Open Market Operations"" code=""M$UOP$"" num=""40462"" />",,,,,,
40463,,,"","MU$$$$",,"<topic human="""" code=""MU$$$$"" num=""40463"" />",,,,,,
40464,,,"","M$OI$$",,"<topic human="""" code=""M$OI$$"" num=""40464"" />",,,,,,
40465,"Repo Market",,"MN$RP$=40465:100","MN$RP$",,"<topic human=""Repo Market"" code=""MN$RP$"" num=""40465"" />",,,,,,
40466,,,"","MN$ME$",,"<topic human="""" code=""MN$ME$"" num=""40466"" />",,,,,,
40467,,,"","MN$CN$",,"<topic human="""" code=""MN$CN$"" num=""40467"" />",,,,,,
40468,"OPEC (?????)",,"MI$OI$=40468:100","MI$OI$",,"<topic human=""OPEC (?????)"" code=""MI$OI$"" num=""40468"" />",,,,,,
40469,,,"","M$$BES",,"<topic human="""" code=""M$$BES"" num=""40469"" />",,,,,,
40470,,,"","MAXDS$",,"<topic human="""" code=""MAXDS$"" num=""40470"" />",,,,,,
40471,,,"","MAXBR$",,"<topic human="""" code=""MAXBR$"" num=""40471"" />",,,,,,
40472,,,"","MAXBG$",,"<topic human="""" code=""MAXBG$"" num=""40472"" />",,,,,,
40473,,,"","MAXAX$",,"<topic human="""" code=""MAXAX$"" num=""40473"" />",,,,,,
40474,,,"","MAXAW$",,"<topic human="""" code=""MAXAW$"" num=""40474"" />",,,,,,
40475,,,"","MAXAV$",,"<topic human="""" code=""MAXAV$"" num=""40475"" />",,,,,,
40476,,,"","MAXAU$",,"<topic human="""" code=""MAXAU$"" num=""40476"" />",,,,,,
40477,,,"","MAXAT$",,"<topic human="""" code=""MAXAT$"" num=""40477"" />",,,,,,
40478,,,"","MAXAS$",,"<topic human="""" code=""MAXAS$"" num=""40478"" />",,,,,,
40479,,,"","MAXAR$",,"<topic human="""" code=""MAXAR$"" num=""40479"" />",,,,,,
40480,,,"","MAUZ1$",,"<topic human="""" code=""MAUZ1$"" num=""40480"" />",,,,,,
40481,,,"","MAUZ0$",,"<topic human="""" code=""MAUZ0$"" num=""40481"" />",,,,,,
40482,,,"","MAUP$$",,"<topic human="""" code=""MAUP$$"" num=""40482"" />",,,,,,
40483,,,"","MAUN1$",,"<topic human="""" code=""MAUN1$"" num=""40483"" />",,,,,,
40484,,,"","MAUK7$",,"<topic human="""" code=""MAUK7$"" num=""40484"" />",,,,,,
40485,,,"","MAUG8$",,"<topic human="""" code=""MAUG8$"" num=""40485"" />",,,,,,
40486,,,"","MAUC$$",,"<topic human="""" code=""MAUC$$"" num=""40486"" />",,,,,,
40487,,,"","MAU6U$",,"<topic human="""" code=""MAU6U$"" num=""40487"" />",,,,,,
40488,,,"","MAU6C$",,"<topic human="""" code=""MAU6C$"" num=""40488"" />",,,,,,
40489,,,"","MAU5U$",,"<topic human="""" code=""MAU5U$"" num=""40489"" />",,,,,,
40490,,,"","MAU5C4",,"<topic human="""" code=""MAU5C4"" num=""40490"" />",,,,,,
40491,,,"","MAU4U$",,"<topic human="""" code=""MAU4U$"" num=""40491"" />",,,,,,
40492,,,"","MAU3U$",,"<topic human="""" code=""MAU3U$"" num=""40492"" />",,,,,,
40493,,,"","MAU2U$",,"<topic human="""" code=""MAU2U$"" num=""40493"" />",,,,,,
40494,,,"","MAU2Q$",,"<topic human="""" code=""MAU2Q$"" num=""40494"" />",,,,,,
40495,,,"","MAU2H$",,"<topic human="""" code=""MAU2H$"" num=""40495"" />",,,,,,
40496,,,"","MAIDG$",,"<topic human="""" code=""MAIDG$"" num=""40496"" />",,,,,,
40497,,,"","MAIDF$",,"<topic human="""" code=""MAIDF$"" num=""40497"" />",,,,,,
40498,,,"","MAIDE$",,"<topic human="""" code=""MAIDE$"" num=""40498"" />",,,,,,
40499,,,"","MAICQ$",,"<topic human="""" code=""MAICQ$"" num=""40499"" />",,,,,,
40500,,,"","MAICO$",,"<topic human="""" code=""MAICO$"" num=""40500"" />",,,,,,
40501,,,"","MAIBD$",,"<topic human="""" code=""MAIBD$"" num=""40501"" />",,,,,,
40502,,,"","MAIBC$",,"<topic human="""" code=""MAIBC$"" num=""40502"" />",,,,,,
40503,,,"","MAIBB$",,"<topic human="""" code=""MAIBB$"" num=""40503"" />",,,,,,
40504,,,"","MAIAU$",,"<topic human="""" code=""MAIAU$"" num=""40504"" />",,,,,,
40505,,,"","MAIAT$",,"<topic human="""" code=""MAIAT$"" num=""40505"" />",,,,,,
40506,,,"","MAGOG$",,"<topic human="""" code=""MAGOG$"" num=""40506"" />",,,,,,
40507,,,"","MAGOF$",,"<topic human="""" code=""MAGOF$"" num=""40507"" />",,,,,,
40508,,,"","MAGGP$",,"<topic human="""" code=""MAGGP$"" num=""40508"" />",,,,,,
40509,,,"","MAGGO$",,"<topic human="""" code=""MAGGO$"" num=""40509"" />",,,,,,
40510,,,"","MAGGN$",,"<topic human="""" code=""MAGGN$"" num=""40510"" />",,,,,,
40511,,,"","MAGGM$",,"<topic human="""" code=""MAGGM$"" num=""40511"" />",,,,,,
40512,,,"","MAGFC$",,"<topic human="""" code=""MAGFC$"" num=""40512"" />",,,,,,
40513,,,"","MAGFB$",,"<topic human="""" code=""MAGFB$"" num=""40513"" />",,,,,,
40514,,,"","MAGFA$",,"<topic human="""" code=""MAGFA$"" num=""40514"" />",,,,,,
40515,,,"","MAGAT$",,"<topic human="""" code=""MAGAT$"" num=""40515"" />",,,,,,
40516,,,"","MAGA4$",,"<topic human="""" code=""MAGA4$"" num=""40516"" />",,,,,,
40517,,,"","MAFDH$",,"<topic human="""" code=""MAFDH$"" num=""40517"" />",,,,,,
40518,,,"","MAFDG$",,"<topic human="""" code=""MAFDG$"" num=""40518"" />",,,,,,
40519,,,"","MAFDF$",,"<topic human="""" code=""MAFDF$"" num=""40519"" />",,,,,,
40520,,,"","MAFDE$",,"<topic human="""" code=""MAFDE$"" num=""40520"" />",,,,,,
40521,,,"","MAFDD$",,"<topic human="""" code=""MAFDD$"" num=""40521"" />",,,,,,
40522,,,"","MAFDC$",,"<topic human="""" code=""MAFDC$"" num=""40522"" />",,,,,,
40523,,,"","MAFCP$",,"<topic human="""" code=""MAFCP$"" num=""40523"" />",,,,,,
40524,,,"","MAFCO$",,"<topic human="""" code=""MAFCO$"" num=""40524"" />",,,,,,
40525,,,"","MAFCN$",,"<topic human="""" code=""MAFCN$"" num=""40525"" />",,,,,,
40526,,,"","MAFBU$",,"<topic human="""" code=""MAFBU$"" num=""40526"" />",,,,,,
40527,,,"","MAFBC$",,"<topic human="""" code=""MAFBC$"" num=""40527"" />",,,,,,
40528,,,"","MAFBB$",,"<topic human="""" code=""MAFBB$"" num=""40528"" />",,,,,,
40529,,,"","MAFAY$",,"<topic human="""" code=""MAFAY$"" num=""40529"" />",,,,,,
40530,,,"","MAFAV$",,"<topic human="""" code=""MAFAV$"" num=""40530"" />",,,,,,
40531,,,"","MAFAU$",,"<topic human="""" code=""MAFAU$"" num=""40531"" />",,,,,,
40532,"Mexican News",,"M$M$$$=40532:100","M$M$$$",,"<topic human=""Mexican News"" code=""M$M$$$"" num=""40532"" />",,,,,,
40533,"Retail Sales Index",,"MDURE$=40533:100","MDURE$",,"<topic human=""Retail Sales Index"" code=""MDURE$"" num=""40533"" />",,,,,,
40544,"Capital Goods Index",,"MDUCG$=40544:100","MDUCG$",,"<topic human=""Capital Goods Index"" code=""MDUCG$"" num=""40544"" />",,,,,,
40545,"China News Briefs",,"MBQ$$$=40545:100","MBQ$$$",,"<topic human=""China News Briefs"" code=""MBQ$$$"" num=""40545"" />",,,,,,
40546,"Chinese News",,"M$Q$$$=40546:100","M$Q$$$","???","<topic human=""Chinese News"" code=""M$Q$$$"" num=""40546"" />",,,,,,
40547,"XFN/MNI China Survey",,"MDQCB$=40547:100","MDQCB$",,"<topic human=""XFN/MNI China Survey"" code=""MDQCB$"" num=""40547"" />",,,,,,
40548,"Spain Data Stories",,"MASDS$=40548:100","MASDS$",,"<topic human=""Spain Data Stories"" code=""MASDS$"" num=""40548"" />",,,,,,
40549,"UK Data",,"MABDA$=40549:100","MABDA$",,"<topic human=""UK Data"" code=""MABDA$"" num=""40549"" />",,,,,,
40550,"UK Data Tables",,"MABDT$=40550:100","MABDT$",,"<topic human=""UK Data Tables"" code=""MABDT$"" num=""40550"" />",,,,,,
40551,"Mexico Data",,"MAMDA$=40551:100","MAMDA$",,"<topic human=""Mexico Data"" code=""MAMDA$"" num=""40551"" />",,,,,,
40552,"Mexico Data Tables",,"MAMDT$=40552:100","MAMDT$",,"<topic human=""Mexico Data Tables"" code=""MAMDT$"" num=""40552"" />",,,,,,
40553,"Japan Data",,"MAJDA$=40553:100","MAJDA$",,"<topic human=""Japan Data"" code=""MAJDA$"" num=""40553"" />",,,,,,
40554,"Japan Data Stories",,"MAJDS$=40554:100","MAJDS$",,"<topic human=""Japan Data Stories"" code=""MAJDS$"" num=""40554"" />",,,,,,
40555,"Japan Data Tables",,"MAJDT$=40555:100","MAJDT$",,"<topic human=""Japan Data Tables"" code=""MAJDT$"" num=""40555"" />",,,,,,
40556,"BOJ General",,"MMJBJ$=40556:100","MMJBJ$",,"<topic human=""BOJ General"" code=""MMJBJ$"" num=""40556"" />",,,,,,
40557,"China Data",,"MAQDA$=40557:100","MAQDA$",,"<topic human=""China Data"" code=""MAQDA$"" num=""40557"" />",,,,,,
40558,"China Data Stories",,"MAQDS$=40558:100","MAQDS$",,"<topic human=""China Data Stories"" code=""MAQDS$"" num=""40558"" />",,,,,,
40559,"China Data Tables",,"MAQDT$=40559:100","MAQDT$",,"<topic human=""China Data Tables"" code=""MAQDT$"" num=""40559"" />",,,,,,
40560,"Canada Data Stories",,"MACDS$=40560:100","MACDS$",,"<topic human=""Canada Data Stories"" code=""MACDS$"" num=""40560"" />",,,,,,
40661,"Supranational Organizations",,"MN$SU$=40661:100","MN$SU$",,"<topic human=""Supranational Organizations"" code=""MN$SU$"" num=""40661"" />",,,,,,
40662,"Mortgage-backed Securities",,"MN$MO$=40662:100","MN$MO$",,"<topic human=""Mortgage-backed Securities"" code=""MN$MO$"" num=""40662"" />",,,,,,
40663,"Money Market",,"MN$MM$=40663:100","MN$MM$",,"<topic human=""Money Market"" code=""MN$MM$"" num=""40663"" />",,,,,,
40664,"US Asset-backed debt",,"MNUAB$=40664:100","MNUAB$",,"<topic human=""US Asset-backed debt"" code=""MNUAB$"" num=""40664"" />",,,,,,
40665,"US Asset-backed auto debt",,"MNUAA$=40665:100","MNUAA$",,"<topic human=""US Asset-backed auto debt"" code=""MNUAA$"" num=""40665"" />",,,,,,
40666,"US Asset-backed housing debt",,"MNUAM$=40666:100","MNUAM$",,"<topic human=""US Asset-backed housing debt"" code=""MNUAM$"" num=""40666"" />",,,,,,
40667,"US Asset-backed credit card debt",,"MNUAC$=40667:100","MNUAC$",,"<topic human=""US Asset-backed credit card debt"" code=""MNUAC$"" num=""40667"" />",,,,,,
40668,"US Asset-backed student loan debt",,"MNUAS$=40668:100","MNUAS$",,"<topic human=""US Asset-backed student loan debt"" code=""MNUAS$"" num=""40668"" />",,,,,,
40669,"CEO Interview",,"MXUCE$=40669:100","MXUCE$",,"<topic human=""CEO Interview"" code=""MXUCE$"" num=""40669"" />",,,,,,
,,,,,,,,,,,,
,,,,,,,,,,,,
,,,,,,,,,,,,
,,,,,,,,,,,,
,,,,,,,,,,,,
,,,,,,,,,,,,
,,,,,,,,,,,,
,,,,,,,,,,,,
,,,,,,,,,,,,
,,,,,,,,,,,,
,,,,,,,,,,,,
,,,,,,,,,,,,
,,,,,,,,,,,,
,,,,,,,,,,,,
,,,,,,,,,,,,
,,,,,,,,,,,,
,,,,,,,,,,,,
60000,"Bank Of England State Of Play",,,,,,,,,,,
60001,"Foreign Exchange Expectations Survey",,,,,,,,,,,
60002,"US Key Indicators Summary",,,,,,,,,,,
60003,"Bank Of England",,,,,,,,,,,
60004,"US Markets Calendar",,,,,,,,,,,
60005,"Market Talk",,,,,,,,,,,
60006,"US Agency Debt Spreads",,,,,,,,,,,
60007,"Credit Spreads",,,,,,,,,,,
60008,"Foreign Exchange Bullet Points",,,,,,,,,,,
60009,"Fixed Income Bullet Points",,,,,,,,,,,
60010,"Market Glance",,,,,,,,,,,
60011,"Technicals",,,,,,,,,,,
60012,"US Corporate Agency Bond Calendar",,,,,,,,,,,
60013,"Economic Data Review",,,,,,,,,,,
60014,"Federal Reserve State Of Play",,,,,,,,,,,
60015,"US Treasury Options Volatilities",,,,,,,,,,,
60016,"European Central Bank",,,,,,,,,,,
60017,"ECB State Of Play",,,,,,,,,,,
60018,"Monetary Policy",,,,,,,,,,,
60019,"Canada/Mexico Data Calendar",,,,,,,,,,,
60020,"Canada Economic Data Calendar",,,,,,,,,,,
60021,"Central Bank Rate Actions",,,,,,,,,,,
60022,"Congress Watch",,,,,,,,,,,
60023,"Eurozone/UK Bond Calendar",,,,,,,,,,,
60024,"US Forecast Highlights",,,,,,,,,,,
60025,"US Forecast Surveys",,,,,,,,,,,
